id,firstname,lastname,email,email2,profession,salary,city
100,Keelia,Tice,Keelia.Tice@yopmail.com,Keelia.Tice@gmail.com,developer,8644,Brisbane
101,Modestia,Masao,Modestia.Masao@yopmail.com,Modestia.Masao@gmail.com,worker,1495,Rome
102,Ann-Marie,Libna,Ann-Marie.Libna@yopmail.com,Ann-Marie.Libna@gmail.com,worker,2263,Tirana
103,Florencia,Ralfston,Florencia.Ralfston@yopmail.com,Florencia.Ralfston@gmail.com,worker,861,Turin
104,Annice,Gino,Annice.Gino@yopmail.com,Annice.Gino@gmail.com,developer,2015,Porto Velho
105,Dolli,Greenwald,Dolli.Greenwald@yopmail.com,Dolli.Greenwald@gmail.com,firefighter,7070,Handan
106,Theodora,Klemperer,Theodora.Klemperer@yopmail.com,Theodora.Klemperer@gmail.com,doctor,9334,Port Vila
107,Vonny,Carvey,Vonny.Carvey@yopmail.com,Vonny.Carvey@gmail.com,developer,7249,Basra
108,Stephanie,Uird,Stephanie.Uird@yopmail.com,Stephanie.Uird@gmail.com,worker,6940,Denpasar
109,Imojean,Rheingold,Imojean.Rheingold@yopmail.com,Imojean.Rheingold@gmail.com,doctor,4304,Port Moresby
110,Hollie,Suk,Hollie.Suk@yopmail.com,Hollie.Suk@gmail.com,worker,2365,Lusaka
111,Tierney,Marijo,Tierney.Marijo@yopmail.com,Tierney.Marijo@gmail.com,firefighter,3297,Johannesburg
112,Margette,Corrine,Margette.Corrine@yopmail.com,Margette.Corrine@gmail.com,worker,1185,Turin
113,Selia,Lane,Selia.Lane@yopmail.com,Selia.Lane@gmail.com,worker,7931,Fortaleza
114,Harrietta,Huggins,Harrietta.Huggins@yopmail.com,Harrietta.Huggins@gmail.com,developer,9639,Busan
115,Catrina,Fadiman,Catrina.Fadiman@yopmail.com,Catrina.Fadiman@gmail.com,developer,5726,Multan
116,Dorothy,Joeann,Dorothy.Joeann@yopmail.com,Dorothy.Joeann@gmail.com,doctor,8086,Ho Chi Minh City
117,Nyssa,Berard,Nyssa.Berard@yopmail.com,Nyssa.Berard@gmail.com,worker,8935,Batticaloa
118,Constance,Ricki,Constance.Ricki@yopmail.com,Constance.Ricki@gmail.com,doctor,9923,Bujumbura
119,Sashenka,Allina,Sashenka.Allina@yopmail.com,Sashenka.Allina@gmail.com,firefighter,1824,Espoo
120,Lusa,Lalitta,Lusa.Lalitta@yopmail.com,Lusa.Lalitta@gmail.com,worker,5247,Hanover
121,Lisette,Stoller,Lisette.Stoller@yopmail.com,Lisette.Stoller@gmail.com,developer,5250,Tskhinvali
122,Sarette,Olin,Sarette.Olin@yopmail.com,Sarette.Olin@gmail.com,police officer,9880,Monrovia
123,Corina,Grayce,Corina.Grayce@yopmail.com,Corina.Grayce@gmail.com,firefighter,2727,Bucharest
124,Maridel,Weitman,Maridel.Weitman@yopmail.com,Maridel.Weitman@gmail.com,police officer,1474,Johannesburg
125,Melina,Uird,Melina.Uird@yopmail.com,Melina.Uird@gmail.com,doctor,7885,Bandung
126,Talya,Goth,Talya.Goth@yopmail.com,Talya.Goth@gmail.com,developer,7806,N'Djamena
127,Reeba,Felecia,Reeba.Felecia@yopmail.com,Reeba.Felecia@gmail.com,worker,3720,Vatican City
128,Lesly,Kristi,Lesly.Kristi@yopmail.com,Lesly.Kristi@gmail.com,police officer,2329,Nanning
129,Edyth,Philoo,Edyth.Philoo@yopmail.com,Edyth.Philoo@gmail.com,developer,2063,Ponta Delgada
130,Chere,Paton,Chere.Paton@yopmail.com,Chere.Paton@gmail.com,firefighter,3878,Riyadh
131,Valli,Jammal,Valli.Jammal@yopmail.com,Valli.Jammal@gmail.com,worker,3616,Innsbruck
132,Gabriellia,O'Rourke,Gabriellia.O'Rourke@yopmail.com,Gabriellia.O'Rourke@gmail.com,firefighter,1471,Shenzhen
133,Viki,Pozzy,Viki.Pozzy@yopmail.com,Viki.Pozzy@gmail.com,police officer,7504,Norilsk
134,Sandie,Liva,Sandie.Liva@yopmail.com,Sandie.Liva@gmail.com,developer,5721,Moroni
135,Danika,Raimondo,Danika.Raimondo@yopmail.com,Danika.Raimondo@gmail.com,firefighter,6496,Sarajevo
136,Fanchon,Sundin,Fanchon.Sundin@yopmail.com,Fanchon.Sundin@gmail.com,doctor,1254,Montevideo
137,Zaria,Jammal,Zaria.Jammal@yopmail.com,Zaria.Jammal@gmail.com,doctor,4310,Invercargill
138,Zsa Zsa,Masao,Zsa Zsa.Masao@yopmail.com,Zsa Zsa.Masao@gmail.com,worker,5646,Brussels
139,Gilda,Aaberg,Gilda.Aaberg@yopmail.com,Gilda.Aaberg@gmail.com,worker,5725,Stockholm
140,Antonietta,Westphal,Antonietta.Westphal@yopmail.com,Antonietta.Westphal@gmail.com,doctor,921,Cardiff
141,Tonia,Kiersten,Tonia.Kiersten@yopmail.com,Tonia.Kiersten@gmail.com,developer,4572,Tehran
142,Sallie,Pacorro,Sallie.Pacorro@yopmail.com,Sallie.Pacorro@gmail.com,police officer,3030,Francistown
143,Christian,Couture,Christian.Couture@yopmail.com,Christian.Couture@gmail.com,doctor,490,Singapore
144,Joelly,Gilmour,Joelly.Gilmour@yopmail.com,Joelly.Gilmour@gmail.com,worker,7076,Mecca
145,Edith,Ardra,Edith.Ardra@yopmail.com,Edith.Ardra@gmail.com,developer,9671,Bridgetown
146,Danika,Leifeste,Danika.Leifeste@yopmail.com,Danika.Leifeste@gmail.com,firefighter,3443,Naypyidaw
147,Wileen,Berard,Wileen.Berard@yopmail.com,Wileen.Berard@gmail.com,police officer,5213,Lviv
148,Cyndie,Blake,Cyndie.Blake@yopmail.com,Cyndie.Blake@gmail.com,firefighter,4173,Handan
149,Vanessa,Othilia,Vanessa.Othilia@yopmail.com,Vanessa.Othilia@gmail.com,firefighter,4119,Dededo
150,Christy,Juliet,Christy.Juliet@yopmail.com,Christy.Juliet@gmail.com,developer,6862,Greenwich
151,Wanda,Tamsky,Wanda.Tamsky@yopmail.com,Wanda.Tamsky@gmail.com,police officer,9607,Maputo
152,Mallory,Bivins,Mallory.Bivins@yopmail.com,Mallory.Bivins@gmail.com,police officer,7161,Kiev
153,Dode,Huggins,Dode.Huggins@yopmail.com,Dode.Huggins@gmail.com,firefighter,45,Hargeisa
154,Danny,Johnsson,Danny.Johnsson@yopmail.com,Danny.Johnsson@gmail.com,firefighter,1804,Anadyr (town)
155,Vevay,Huggins,Vevay.Huggins@yopmail.com,Vevay.Huggins@gmail.com,worker,153,Patna
156,Hope,Anselmi,Hope.Anselmi@yopmail.com,Hope.Anselmi@gmail.com,firefighter,3299,Majuro
157,Jackie,Dielu,Jackie.Dielu@yopmail.com,Jackie.Dielu@gmail.com,developer,3760,Sofia
158,Tarra,Zola,Tarra.Zola@yopmail.com,Tarra.Zola@gmail.com,worker,8697,Chittagong
159,Dennie,Truc,Dennie.Truc@yopmail.com,Dennie.Truc@gmail.com,police officer,8461,Nukulaelae
160,Marika,Ephrem,Marika.Ephrem@yopmail.com,Marika.Ephrem@gmail.com,developer,5746,Panama City
161,Sallie,Lumbard,Sallie.Lumbard@yopmail.com,Sallie.Lumbard@gmail.com,doctor,8533,Dublin
162,Briney,Lorain,Briney.Lorain@yopmail.com,Briney.Lorain@gmail.com,doctor,6262,Srinagar
163,Letizia,Lemuela,Letizia.Lemuela@yopmail.com,Letizia.Lemuela@gmail.com,police officer,8651,Ibiza
164,Raquela,Diann,Raquela.Diann@yopmail.com,Raquela.Diann@gmail.com,worker,1325,Stuttgart
165,Jackie,Beebe,Jackie.Beebe@yopmail.com,Jackie.Beebe@gmail.com,police officer,8977,Chennai
166,Xylina,Shama,Xylina.Shama@yopmail.com,Xylina.Shama@gmail.com,firefighter,2610,Vatican City
167,Marsiella,Olnee,Marsiella.Olnee@yopmail.com,Marsiella.Olnee@gmail.com,police officer,29,Lanzhou
168,Adele,Edvard,Adele.Edvard@yopmail.com,Adele.Edvard@gmail.com,worker,8696,Surat
169,Beatriz,Wallis,Beatriz.Wallis@yopmail.com,Beatriz.Wallis@gmail.com,police officer,7160,Graz
170,Thalia,Eugenia,Thalia.Eugenia@yopmail.com,Thalia.Eugenia@gmail.com,firefighter,3929,Yogyakarta (city)
171,Sara-Ann,Brittani,Sara-Ann.Brittani@yopmail.com,Sara-Ann.Brittani@gmail.com,doctor,2904,Dededo
172,Lanna,Shirberg,Lanna.Shirberg@yopmail.com,Lanna.Shirberg@gmail.com,doctor,8927,Campo Grande
173,Iseabal,Braun,Iseabal.Braun@yopmail.com,Iseabal.Braun@gmail.com,doctor,4397,Wollongong
174,Celene,Parsaye,Celene.Parsaye@yopmail.com,Celene.Parsaye@gmail.com,doctor,9443,Peshawar
175,Natka,Regan,Natka.Regan@yopmail.com,Natka.Regan@gmail.com,doctor,7148,Handan
176,Arlina,Fennessy,Arlina.Fennessy@yopmail.com,Arlina.Fennessy@gmail.com,doctor,2838,Virginia Beach
177,Tierney,Han,Tierney.Han@yopmail.com,Tierney.Han@gmail.com,worker,3023,Vatican City
178,Chloris,Ophelia,Chloris.Ophelia@yopmail.com,Chloris.Ophelia@gmail.com,developer,3851,Seville
179,Corry,Aida,Corry.Aida@yopmail.com,Corry.Aida@gmail.com,doctor,8569,Kigali
180,Jobi,Allare,Jobi.Allare@yopmail.com,Jobi.Allare@gmail.com,worker,1017,Ho Chi Minh City
181,Caritta,Moseley,Caritta.Moseley@yopmail.com,Caritta.Moseley@gmail.com,worker,8920,Valencia
182,Collen,Alejoa,Collen.Alejoa@yopmail.com,Collen.Alejoa@gmail.com,police officer,652,Tijuana
183,Kimmy,Nerita,Kimmy.Nerita@yopmail.com,Kimmy.Nerita@gmail.com,doctor,2951,Fort-de-France
184,Ariela,Susannah,Ariela.Susannah@yopmail.com,Ariela.Susannah@gmail.com,doctor,3222,Stuttgart
185,Yetty,Ailyn,Yetty.Ailyn@yopmail.com,Yetty.Ailyn@gmail.com,worker,6403,Madrid
186,Christy,Karylin,Christy.Karylin@yopmail.com,Christy.Karylin@gmail.com,firefighter,7553,Hilo
187,Malina,Nelsen,Malina.Nelsen@yopmail.com,Malina.Nelsen@gmail.com,developer,5249,Lusaka
188,Lizzie,Philipp,Lizzie.Philipp@yopmail.com,Lizzie.Philipp@gmail.com,worker,5080,Hiroshima
189,Dagmar,Bohlin,Dagmar.Bohlin@yopmail.com,Dagmar.Bohlin@gmail.com,developer,5655,Thimphu
190,Jinny,Fairweather,Jinny.Fairweather@yopmail.com,Jinny.Fairweather@gmail.com,developer,888,Wellington
191,Anallese,Fabiola,Anallese.Fabiola@yopmail.com,Anallese.Fabiola@gmail.com,developer,575,The Hague
192,Tami,Raychel,Tami.Raychel@yopmail.com,Tami.Raychel@gmail.com,developer,9371,Huế
193,Hallie,Breed,Hallie.Breed@yopmail.com,Hallie.Breed@gmail.com,firefighter,4017,Jinan
194,Berget,Poll,Berget.Poll@yopmail.com,Berget.Poll@gmail.com,police officer,3908,Miami
195,Livvyy,Gerge,Livvyy.Gerge@yopmail.com,Livvyy.Gerge@gmail.com,worker,4132,Podgorica
196,Siana,Niles,Siana.Niles@yopmail.com,Siana.Niles@gmail.com,doctor,8618,Bangui
197,Wynne,Colyer,Wynne.Colyer@yopmail.com,Wynne.Colyer@gmail.com,developer,5697,Doha
198,Nananne,Ball,Nananne.Ball@yopmail.com,Nananne.Ball@gmail.com,worker,271,Damascus
199,Fina,Riva,Fina.Riva@yopmail.com,Fina.Riva@gmail.com,doctor,7532,Lobamba
200,Lolita,Gombach,Lolita.Gombach@yopmail.com,Lolita.Gombach@gmail.com,police officer,3172,Karachi
201,Myriam,Janith,Myriam.Janith@yopmail.com,Myriam.Janith@gmail.com,firefighter,9220,Kandy
202,Adore,Birdella,Adore.Birdella@yopmail.com,Adore.Birdella@gmail.com,police officer,9673,Atlanta
203,Rayna,Vernier,Rayna.Vernier@yopmail.com,Rayna.Vernier@gmail.com,developer,5138,Yamoussoukro
204,Tiffie,Fairweather,Tiffie.Fairweather@yopmail.com,Tiffie.Fairweather@gmail.com,worker,9873,Townsville
205,Etta,Egbert,Etta.Egbert@yopmail.com,Etta.Egbert@gmail.com,worker,5821,Norilsk
206,Joelly,Zenas,Joelly.Zenas@yopmail.com,Joelly.Zenas@gmail.com,firefighter,9913,Nassau
207,Ethel,Sammons,Ethel.Sammons@yopmail.com,Ethel.Sammons@gmail.com,firefighter,9340,Iquitos
208,Albertina,Ochs,Albertina.Ochs@yopmail.com,Albertina.Ochs@gmail.com,developer,320,Nashville
209,Roberta,Vilma,Roberta.Vilma@yopmail.com,Roberta.Vilma@gmail.com,doctor,5533,Whitehorse
210,Loree,Faro,Loree.Faro@yopmail.com,Loree.Faro@gmail.com,worker,1514,Detroit
211,Sadie,Teryn,Sadie.Teryn@yopmail.com,Sadie.Teryn@gmail.com,doctor,7797,Las Palmas de Gran Canaria
212,Gusty,Koziara,Gusty.Koziara@yopmail.com,Gusty.Koziara@gmail.com,firefighter,5606,Shenyang
213,Brena,Johanna,Brena.Johanna@yopmail.com,Brena.Johanna@gmail.com,developer,505,Apia
214,Livvyy,Barbey,Livvyy.Barbey@yopmail.com,Livvyy.Barbey@gmail.com,worker,5427,Nizhny Novgorod
215,Ursulina,Bari,Ursulina.Bari@yopmail.com,Ursulina.Bari@gmail.com,worker,3003,Dakar
216,Kathy,Cordi,Kathy.Cordi@yopmail.com,Kathy.Cordi@gmail.com,doctor,4249,Oranjestad
217,Teriann,Nickola,Teriann.Nickola@yopmail.com,Teriann.Nickola@gmail.com,police officer,1015,Bangui
218,Gwyneth,Payson,Gwyneth.Payson@yopmail.com,Gwyneth.Payson@gmail.com,doctor,1698,Gaza
219,Aili,Yerkovich,Aili.Yerkovich@yopmail.com,Aili.Yerkovich@gmail.com,police officer,410,Cuiabá
220,Corry,Eliathas,Corry.Eliathas@yopmail.com,Corry.Eliathas@gmail.com,doctor,747,Multan
221,Marjie,Bonucci,Marjie.Bonucci@yopmail.com,Marjie.Bonucci@gmail.com,developer,4102,Hamburg
222,Cordi,Pacorro,Cordi.Pacorro@yopmail.com,Cordi.Pacorro@gmail.com,doctor,5114,Prague
223,Catrina,Cyrie,Catrina.Cyrie@yopmail.com,Catrina.Cyrie@gmail.com,police officer,5098,Dubai
224,Shell,Dowski,Shell.Dowski@yopmail.com,Shell.Dowski@gmail.com,developer,6442,Lviv
225,Stephanie,Salchunas,Stephanie.Salchunas@yopmail.com,Stephanie.Salchunas@gmail.com,police officer,8531,Damascus
226,Tina,Margret,Tina.Margret@yopmail.com,Tina.Margret@gmail.com,worker,6804,Ho Chi Minh City
227,Kore,Turne,Kore.Turne@yopmail.com,Kore.Turne@gmail.com,doctor,2575,Kyoto
228,Frieda,Ralfston,Frieda.Ralfston@yopmail.com,Frieda.Ralfston@gmail.com,doctor,558,Handan
229,Rebeca,Catie,Rebeca.Catie@yopmail.com,Rebeca.Catie@gmail.com,doctor,8535,San José
230,Ermengarde,Esmaria,Ermengarde.Esmaria@yopmail.com,Ermengarde.Esmaria@gmail.com,developer,127,Santa Cruz de Tenerife
231,Britni,Eliathas,Britni.Eliathas@yopmail.com,Britni.Eliathas@gmail.com,doctor,5770,Lviv
232,Caressa,Vary,Caressa.Vary@yopmail.com,Caressa.Vary@gmail.com,worker,1922,Mérida
233,Anthia,Erlandson,Anthia.Erlandson@yopmail.com,Anthia.Erlandson@gmail.com,developer,6730,Tegucigalpa
234,Valera,Joeann,Valera.Joeann@yopmail.com,Valera.Joeann@gmail.com,police officer,3243,Lviv
235,Raina,Donoghue,Raina.Donoghue@yopmail.com,Raina.Donoghue@gmail.com,developer,3421,Weno
236,Orsola,Mata,Orsola.Mata@yopmail.com,Orsola.Mata@gmail.com,developer,6437,Belgrade
237,Jolyn,Korey,Jolyn.Korey@yopmail.com,Jolyn.Korey@gmail.com,worker,5812,Changchun
238,Bobbi,Rocray,Bobbi.Rocray@yopmail.com,Bobbi.Rocray@gmail.com,worker,3041,Innsbruck
239,Maye,Dosia,Maye.Dosia@yopmail.com,Maye.Dosia@gmail.com,doctor,2098,Jayapura
240,Jessy,Korey,Jessy.Korey@yopmail.com,Jessy.Korey@gmail.com,worker,796,Birmingham
241,Lily,Tybald,Lily.Tybald@yopmail.com,Lily.Tybald@gmail.com,developer,9039,Washington
242,Selma,Selway,Selma.Selway@yopmail.com,Selma.Selway@gmail.com,developer,7544,Asmara
243,Ayn,Robertson,Ayn.Robertson@yopmail.com,Ayn.Robertson@gmail.com,developer,5120,Lviv
244,Estell,Hunfredo,Estell.Hunfredo@yopmail.com,Estell.Hunfredo@gmail.com,worker,7590,Punta Arenas
245,Fernande,Philoo,Fernande.Philoo@yopmail.com,Fernande.Philoo@gmail.com,worker,1976,Bujumbura
246,Kristina,Goerke,Kristina.Goerke@yopmail.com,Kristina.Goerke@gmail.com,police officer,5203,Serekunda
247,Annecorinne,Pierette,Annecorinne.Pierette@yopmail.com,Annecorinne.Pierette@gmail.com,firefighter,7858,Mendoza
248,Genevra,Nea,Genevra.Nea@yopmail.com,Genevra.Nea@gmail.com,developer,9985,Wichita
249,Dania,Tomasina,Dania.Tomasina@yopmail.com,Dania.Tomasina@gmail.com,police officer,288,Albuquerque
250,Thalia,Socha,Thalia.Socha@yopmail.com,Thalia.Socha@gmail.com,developer,365,Horta (Azores)
251,Caritta,Letsou,Caritta.Letsou@yopmail.com,Caritta.Letsou@gmail.com,developer,6589,Baku
252,Cristine,Kinnard,Cristine.Kinnard@yopmail.com,Cristine.Kinnard@gmail.com,firefighter,8721,St. George's
253,Netty,Zitvaa,Netty.Zitvaa@yopmail.com,Netty.Zitvaa@gmail.com,police officer,6843,Srinagar
254,Iseabal,Nedrud,Iseabal.Nedrud@yopmail.com,Iseabal.Nedrud@gmail.com,police officer,1303,Malé
255,Vere,Andrel,Vere.Andrel@yopmail.com,Vere.Andrel@gmail.com,police officer,6347,Funafuti
256,Lonnie,Sothena,Lonnie.Sothena@yopmail.com,Lonnie.Sothena@gmail.com,worker,5769,New Delhi
257,Bibby,Morgun,Bibby.Morgun@yopmail.com,Bibby.Morgun@gmail.com,doctor,5628,Brasília
258,Maryellen,Gherardo,Maryellen.Gherardo@yopmail.com,Maryellen.Gherardo@gmail.com,worker,9144,Livingstone
259,Melanie,Blake,Melanie.Blake@yopmail.com,Melanie.Blake@gmail.com,police officer,9998,Monrovia
260,Sharai,Holbrook,Sharai.Holbrook@yopmail.com,Sharai.Holbrook@gmail.com,firefighter,7525,Punta Arenas
261,Dagmar,Cleo,Dagmar.Cleo@yopmail.com,Dagmar.Cleo@gmail.com,worker,4505,Vancouver
262,Teddie,Levey,Teddie.Levey@yopmail.com,Teddie.Levey@gmail.com,developer,5596,Melbourne
263,Elsie,Gillan,Elsie.Gillan@yopmail.com,Elsie.Gillan@gmail.com,worker,1176,Fredericton
264,Mathilda,Thilda,Mathilda.Thilda@yopmail.com,Mathilda.Thilda@gmail.com,developer,1036,Rabat
265,Leontine,Maiah,Leontine.Maiah@yopmail.com,Leontine.Maiah@gmail.com,firefighter,6925,Seoul
266,Amalie,Wyn,Amalie.Wyn@yopmail.com,Amalie.Wyn@gmail.com,worker,9948,Nuuk
267,Cyb,Rubie,Cyb.Rubie@yopmail.com,Cyb.Rubie@gmail.com,doctor,1808,Ambon
268,Raf,Pip,Raf.Pip@yopmail.com,Raf.Pip@gmail.com,doctor,3341,Vancouver
269,Bernie,Jobi,Bernie.Jobi@yopmail.com,Bernie.Jobi@gmail.com,worker,3031,Banda Aceh
270,Alisha,Cleo,Alisha.Cleo@yopmail.com,Alisha.Cleo@gmail.com,developer,4248,Pune
271,Mamie,Etom,Mamie.Etom@yopmail.com,Mamie.Etom@gmail.com,police officer,8573,Peshawar
272,Eolanda,Daveta,Eolanda.Daveta@yopmail.com,Eolanda.Daveta@gmail.com,police officer,1454,Shillong
273,Ericka,Thornburg,Ericka.Thornburg@yopmail.com,Ericka.Thornburg@gmail.com,police officer,5415,Harbin
274,Gwyneth,Lesley,Gwyneth.Lesley@yopmail.com,Gwyneth.Lesley@gmail.com,developer,4257,Manchester
275,Tina,Elephus,Tina.Elephus@yopmail.com,Tina.Elephus@gmail.com,worker,1902,Ibadan
276,Zsa Zsa,Presber,Zsa Zsa.Presber@yopmail.com,Zsa Zsa.Presber@gmail.com,worker,9690,Singapore
277,Maryellen,Hertzfeld,Maryellen.Hertzfeld@yopmail.com,Maryellen.Hertzfeld@gmail.com,worker,6949,Pago Pago
278,Frieda,Arvo,Frieda.Arvo@yopmail.com,Frieda.Arvo@gmail.com,doctor,6906,Petropavlovsk-Kamchatsky
279,Genevra,Wareing,Genevra.Wareing@yopmail.com,Genevra.Wareing@gmail.com,firefighter,2748,Havana
280,Ardys,Hirsch,Ardys.Hirsch@yopmail.com,Ardys.Hirsch@gmail.com,doctor,1317,Birkirkara
281,Minda,Grosz,Minda.Grosz@yopmail.com,Minda.Grosz@gmail.com,developer,9335,Anchorage
282,Jan,Standing,Jan.Standing@yopmail.com,Jan.Standing@gmail.com,firefighter,9656,Birmingham
283,Ira,Pitt,Ira.Pitt@yopmail.com,Ira.Pitt@gmail.com,police officer,7125,Virginia Beach
284,Neila,Philipp,Neila.Philipp@yopmail.com,Neila.Philipp@gmail.com,worker,2092,Miami
285,Tarra,Bach,Tarra.Bach@yopmail.com,Tarra.Bach@gmail.com,police officer,4878,Mumbai
286,Shauna,Haldas,Shauna.Haldas@yopmail.com,Shauna.Haldas@gmail.com,doctor,5559,Oranjestad
287,Gerianna,Shirberg,Gerianna.Shirberg@yopmail.com,Gerianna.Shirberg@gmail.com,worker,5699,Las Vegas
288,Anestassia,Dalli,Anestassia.Dalli@yopmail.com,Anestassia.Dalli@gmail.com,developer,36,Kaesong
289,Amara,Nerita,Amara.Nerita@yopmail.com,Amara.Nerita@gmail.com,doctor,606,Fairbanks
290,Oralee,Norvol,Oralee.Norvol@yopmail.com,Oralee.Norvol@gmail.com,worker,2949,Osaka
291,Imojean,Silvan,Imojean.Silvan@yopmail.com,Imojean.Silvan@gmail.com,developer,9228,Alor Star
292,Shell,Lilas,Shell.Lilas@yopmail.com,Shell.Lilas@gmail.com,doctor,5938,Agartala
293,Genevra,Koehler,Genevra.Koehler@yopmail.com,Genevra.Koehler@gmail.com,worker,1530,Blantyre
294,Oralee,Prouty,Oralee.Prouty@yopmail.com,Oralee.Prouty@gmail.com,police officer,954,Luxor
295,Elyssa,Nerita,Elyssa.Nerita@yopmail.com,Elyssa.Nerita@gmail.com,worker,3239,Dammam
296,Malina,Lilas,Malina.Lilas@yopmail.com,Malina.Lilas@gmail.com,doctor,6835,Kuwait City
297,Corene,Schwejda,Corene.Schwejda@yopmail.com,Corene.Schwejda@gmail.com,developer,8521,La Paz
298,Nariko,Allare,Nariko.Allare@yopmail.com,Nariko.Allare@gmail.com,doctor,4850,Edinburgh
299,Eadie,Erlandson,Eadie.Erlandson@yopmail.com,Eadie.Erlandson@gmail.com,developer,5443,Concepción
300,Farrah,Noelyn,Farrah.Noelyn@yopmail.com,Farrah.Noelyn@gmail.com,worker,7022,Zapopan
301,Bernardine,Cohdwell,Bernardine.Cohdwell@yopmail.com,Bernardine.Cohdwell@gmail.com,doctor,3572,Nuuk
302,Marika,Estella,Marika.Estella@yopmail.com,Marika.Estella@gmail.com,doctor,1054,Hangzhou
303,Raquela,Ursulette,Raquela.Ursulette@yopmail.com,Raquela.Ursulette@gmail.com,worker,4295,Palma
304,Meg,Eno,Meg.Eno@yopmail.com,Meg.Eno@gmail.com,developer,9260,Saint-Pierre
305,Ida,Wallis,Ida.Wallis@yopmail.com,Ida.Wallis@gmail.com,developer,7778,Odessa
306,Harrietta,Dorine,Harrietta.Dorine@yopmail.com,Harrietta.Dorine@gmail.com,police officer,1544,Palma
307,Dorene,Roxanna,Dorene.Roxanna@yopmail.com,Dorene.Roxanna@gmail.com,worker,8978,Milan
308,Annora,MacIntosh,Annora.MacIntosh@yopmail.com,Annora.MacIntosh@gmail.com,developer,9717,Suez
309,Jere,Fleeta,Jere.Fleeta@yopmail.com,Jere.Fleeta@gmail.com,firefighter,9278,Road Town
310,Oona,Merriott,Oona.Merriott@yopmail.com,Oona.Merriott@gmail.com,developer,5180,Manama
311,Amara,Ellerey,Amara.Ellerey@yopmail.com,Amara.Ellerey@gmail.com,firefighter,3338,Basse-Terre
312,Arlina,Longfellow,Arlina.Longfellow@yopmail.com,Arlina.Longfellow@gmail.com,police officer,6131,Lubumbashi
313,Lita,Rese,Lita.Rese@yopmail.com,Lita.Rese@gmail.com,firefighter,1955,Saint-Denis
314,Roseline,Bertold,Roseline.Bertold@yopmail.com,Roseline.Bertold@gmail.com,doctor,1005,Belgrade
315,Augustine,Vary,Augustine.Vary@yopmail.com,Augustine.Vary@gmail.com,worker,1910,Guayaquil
316,Verla,Barrus,Verla.Barrus@yopmail.com,Verla.Barrus@gmail.com,worker,213,Bilbao
317,Dyann,Shuler,Dyann.Shuler@yopmail.com,Dyann.Shuler@gmail.com,doctor,1911,Mecca
318,Tilly,Hylan,Tilly.Hylan@yopmail.com,Tilly.Hylan@gmail.com,developer,8268,Thiès
319,Jinny,Thomasina,Jinny.Thomasina@yopmail.com,Jinny.Thomasina@gmail.com,worker,8413,Simferopol
320,Emelina,Tound,Emelina.Tound@yopmail.com,Emelina.Tound@gmail.com,developer,8976,Guangzhou
321,Bibby,Luhe,Bibby.Luhe@yopmail.com,Bibby.Luhe@gmail.com,developer,1175,Qingdao
322,Jenda,Ietta,Jenda.Ietta@yopmail.com,Jenda.Ietta@gmail.com,developer,7274,Boa Vista
323,Sidoney,Cutlerr,Sidoney.Cutlerr@yopmail.com,Sidoney.Cutlerr@gmail.com,developer,1040,Kaliningrad
324,Margalo,Bryna,Margalo.Bryna@yopmail.com,Margalo.Bryna@gmail.com,developer,6139,Dar es Salaam
325,Lorenza,Andrel,Lorenza.Andrel@yopmail.com,Lorenza.Andrel@gmail.com,doctor,1575,Enugu
326,Lyssa,Tremayne,Lyssa.Tremayne@yopmail.com,Lyssa.Tremayne@gmail.com,worker,4645,Nagoya
327,Daune,An,Daune.An@yopmail.com,Daune.An@gmail.com,firefighter,2051,Virginia Beach
328,Glynnis,Harned,Glynnis.Harned@yopmail.com,Glynnis.Harned@gmail.com,developer,5665,Gold Coast
329,Atlanta,Howlyn,Atlanta.Howlyn@yopmail.com,Atlanta.Howlyn@gmail.com,worker,2121,Port Elizabeth
330,Flo,Yate,Flo.Yate@yopmail.com,Flo.Yate@gmail.com,developer,5836,Dakar
331,Di,Diogenes,Di.Diogenes@yopmail.com,Di.Diogenes@gmail.com,worker,9543,Tagbilaran
332,Winifred,Fennessy,Winifred.Fennessy@yopmail.com,Winifred.Fennessy@gmail.com,police officer,3599,Pretoria
333,Fredericka,Remmer,Fredericka.Remmer@yopmail.com,Fredericka.Remmer@gmail.com,police officer,9053,Omsk
334,Lesly,Leifeste,Lesly.Leifeste@yopmail.com,Lesly.Leifeste@gmail.com,police officer,1503,Medellín
335,Cordi,Joachim,Cordi.Joachim@yopmail.com,Cordi.Joachim@gmail.com,developer,5694,Bangkok
336,Tersina,Masao,Tersina.Masao@yopmail.com,Tersina.Masao@gmail.com,developer,4153,Palma
337,Gilligan,Karna,Gilligan.Karna@yopmail.com,Gilligan.Karna@gmail.com,developer,190,Patna
338,Corry,Meter,Corry.Meter@yopmail.com,Corry.Meter@gmail.com,worker,1649,Wonsan
339,Corry,Mata,Corry.Mata@yopmail.com,Corry.Mata@gmail.com,worker,8545,Bogor
340,Alia,Barrus,Alia.Barrus@yopmail.com,Alia.Barrus@gmail.com,police officer,802,Kathmandu
341,Jolyn,Valoniah,Jolyn.Valoniah@yopmail.com,Jolyn.Valoniah@gmail.com,doctor,7555,Siem Reap
342,Harrietta,Swanhildas,Harrietta.Swanhildas@yopmail.com,Harrietta.Swanhildas@gmail.com,doctor,787,Monaco
343,Dawn,Pandolfi,Dawn.Pandolfi@yopmail.com,Dawn.Pandolfi@gmail.com,developer,3957,Santa Cruz de la Sierra
344,Kirbee,Beniamino,Kirbee.Beniamino@yopmail.com,Kirbee.Beniamino@gmail.com,developer,6976,Adak
345,Leona,Stephie,Leona.Stephie@yopmail.com,Leona.Stephie@gmail.com,police officer,7169,Vitória
346,Eve,Lay,Eve.Lay@yopmail.com,Eve.Lay@gmail.com,developer,8522,Concepción
347,Elise,Yoko,Elise.Yoko@yopmail.com,Elise.Yoko@gmail.com,firefighter,2425,Miami
348,Mureil,Hylan,Mureil.Hylan@yopmail.com,Mureil.Hylan@gmail.com,firefighter,4370,Blantyre
349,Desirae,Narton,Desirae.Narton@yopmail.com,Desirae.Narton@gmail.com,firefighter,7584,Baltimore
350,Lynde,Calhoun,Lynde.Calhoun@yopmail.com,Lynde.Calhoun@gmail.com,doctor,6436,Bangalore
351,Tera,Hewitt,Tera.Hewitt@yopmail.com,Tera.Hewitt@gmail.com,worker,8742,Bangalore
352,Frances,Rocray,Frances.Rocray@yopmail.com,Frances.Rocray@gmail.com,police officer,7597,Udon Thani
353,Anestassia,Ioab,Anestassia.Ioab@yopmail.com,Anestassia.Ioab@gmail.com,firefighter,3836,Fairbanks
354,Babita,Gordon,Babita.Gordon@yopmail.com,Babita.Gordon@gmail.com,police officer,9056,Khartoum
355,Luci,Ingra,Luci.Ingra@yopmail.com,Luci.Ingra@gmail.com,doctor,8477,Willemstad
356,Konstance,Gavrila,Konstance.Gavrila@yopmail.com,Konstance.Gavrila@gmail.com,worker,984,Colombo
357,Millie,Kravits,Millie.Kravits@yopmail.com,Millie.Kravits@gmail.com,police officer,7007,Bloemfontein
358,Jean,Hoban,Jean.Hoban@yopmail.com,Jean.Hoban@gmail.com,police officer,1283,St. George's
359,Consuela,Cohdwell,Consuela.Cohdwell@yopmail.com,Consuela.Cohdwell@gmail.com,developer,4538,Cleveland
360,Lauryn,Stilwell,Lauryn.Stilwell@yopmail.com,Lauryn.Stilwell@gmail.com,worker,6819,Birkirkara
361,Meg,Peti,Meg.Peti@yopmail.com,Meg.Peti@gmail.com,doctor,8783,Phnom Penh
362,Adore,Granoff,Adore.Granoff@yopmail.com,Adore.Granoff@gmail.com,worker,5146,Kota Bharu
363,Babita,Sancho,Babita.Sancho@yopmail.com,Babita.Sancho@gmail.com,worker,113,Milan
364,Mignon,Fairweather,Mignon.Fairweather@yopmail.com,Mignon.Fairweather@gmail.com,doctor,1101,Bissau
365,Zsa Zsa,Alrich,Zsa Zsa.Alrich@yopmail.com,Zsa Zsa.Alrich@gmail.com,firefighter,6854,Port Moresby
366,Vonny,Rebecka,Vonny.Rebecka@yopmail.com,Vonny.Rebecka@gmail.com,firefighter,8495,Chennai
367,Sandie,Bow,Sandie.Bow@yopmail.com,Sandie.Bow@gmail.com,doctor,5829,Mbabane
368,Cam,Terrence,Cam.Terrence@yopmail.com,Cam.Terrence@gmail.com,firefighter,6877,Asmara
369,Lorie,Tryck,Lorie.Tryck@yopmail.com,Lorie.Tryck@gmail.com,police officer,8142,Kota Kinabalu
370,Romona,Byrne,Romona.Byrne@yopmail.com,Romona.Byrne@gmail.com,doctor,2053,Charlottetown
371,Frances,Adrienne,Frances.Adrienne@yopmail.com,Frances.Adrienne@gmail.com,firefighter,7127,Campinas
372,Gusty,Velick,Gusty.Velick@yopmail.com,Gusty.Velick@gmail.com,police officer,6886,Francistown
373,Elyssa,Iaverne,Elyssa.Iaverne@yopmail.com,Elyssa.Iaverne@gmail.com,firefighter,7914,Chongqing
374,Hettie,Dorcy,Hettie.Dorcy@yopmail.com,Hettie.Dorcy@gmail.com,worker,7155,Handan
375,Allyce,Niles,Allyce.Niles@yopmail.com,Allyce.Niles@gmail.com,doctor,3797,Medan
376,Dari,Harday,Dari.Harday@yopmail.com,Dari.Harday@gmail.com,developer,673,Louisville
377,Misha,Flita,Misha.Flita@yopmail.com,Misha.Flita@gmail.com,doctor,9487,Manila
378,Nicoli,Casimir,Nicoli.Casimir@yopmail.com,Nicoli.Casimir@gmail.com,worker,6063,Muscat
379,Karly,Dominy,Karly.Dominy@yopmail.com,Karly.Dominy@gmail.com,firefighter,6695,Bilbao
380,Kayla,Anselmi,Kayla.Anselmi@yopmail.com,Kayla.Anselmi@gmail.com,developer,4471,Vancouver
381,Katharina,Rhu,Katharina.Rhu@yopmail.com,Katharina.Rhu@gmail.com,developer,8807,Stuttgart
382,Dotty,Marijo,Dotty.Marijo@yopmail.com,Dotty.Marijo@gmail.com,police officer,8203,Samara
383,Frieda,Weide,Frieda.Weide@yopmail.com,Frieda.Weide@gmail.com,doctor,4873,Murmansk
384,Alie,Henrie,Alie.Henrie@yopmail.com,Alie.Henrie@gmail.com,developer,1951,Ambon
385,Chloris,Eben,Chloris.Eben@yopmail.com,Chloris.Eben@gmail.com,worker,6741,Chişinău
386,Annaliese,Chobot,Annaliese.Chobot@yopmail.com,Annaliese.Chobot@gmail.com,developer,1348,Yogyakarta (city)
387,Larine,Emerson,Larine.Emerson@yopmail.com,Larine.Emerson@gmail.com,worker,9401,Damascus
388,Dorene,Sinegold,Dorene.Sinegold@yopmail.com,Dorene.Sinegold@gmail.com,firefighter,1917,Thessaloniki
389,Imojean,Rese,Imojean.Rese@yopmail.com,Imojean.Rese@gmail.com,firefighter,7667,Jeddah
390,Raf,Justinn,Raf.Justinn@yopmail.com,Raf.Justinn@gmail.com,firefighter,6947,Yogyakarta (city)
391,Julieta,Quent,Julieta.Quent@yopmail.com,Julieta.Quent@gmail.com,police officer,9508,San Diego
392,Caryl,Argus,Caryl.Argus@yopmail.com,Caryl.Argus@gmail.com,police officer,5542,Phnom Penh
393,Briney,Konyn,Briney.Konyn@yopmail.com,Briney.Konyn@gmail.com,firefighter,6060,Dresden
394,Deirdre,Janene,Deirdre.Janene@yopmail.com,Deirdre.Janene@gmail.com,doctor,6198,Doha
395,Betta,Alva,Betta.Alva@yopmail.com,Betta.Alva@gmail.com,developer,4800,Nassau
396,Jenda,Janith,Jenda.Janith@yopmail.com,Jenda.Janith@gmail.com,doctor,4134,Nukuʻalofa
397,Shandie,Longfellow,Shandie.Longfellow@yopmail.com,Shandie.Longfellow@gmail.com,developer,8878,La Serena
398,Carmencita,Silvan,Carmencita.Silvan@yopmail.com,Carmencita.Silvan@gmail.com,worker,1874,Mumbai
399,Cyb,Anselmi,Cyb.Anselmi@yopmail.com,Cyb.Anselmi@gmail.com,police officer,3934,Port Elizabeth
400,Kara-Lynn,Berne,Kara-Lynn.Berne@yopmail.com,Kara-Lynn.Berne@gmail.com,doctor,3995,Timbuktu
401,Lynea,Gilbertson,Lynea.Gilbertson@yopmail.com,Lynea.Gilbertson@gmail.com,doctor,5854,Maseru
402,Louella,Anderea,Louella.Anderea@yopmail.com,Louella.Anderea@gmail.com,developer,1108,Kingstown
403,Emmey,Mott,Emmey.Mott@yopmail.com,Emmey.Mott@gmail.com,doctor,9519,Honolulu
404,Bernardine,Narton,Bernardine.Narton@yopmail.com,Bernardine.Narton@gmail.com,police officer,4930,Ulan Bator
405,Kelly,Erminia,Kelly.Erminia@yopmail.com,Kelly.Erminia@gmail.com,developer,4491,Recife
406,Sandie,Hazlett,Sandie.Hazlett@yopmail.com,Sandie.Hazlett@gmail.com,developer,5123,Columbus
407,Darlleen,Thar,Darlleen.Thar@yopmail.com,Darlleen.Thar@gmail.com,developer,4078,Quetzaltenango
408,Harmonia,Telfer,Harmonia.Telfer@yopmail.com,Harmonia.Telfer@gmail.com,police officer,9367,Skopje
409,Darlleen,Buttaro,Darlleen.Buttaro@yopmail.com,Darlleen.Buttaro@gmail.com,worker,8058,Birmingham
410,Jinny,Stav,Jinny.Stav@yopmail.com,Jinny.Stav@gmail.com,firefighter,1660,Guwahati
411,Aubrie,Kellby,Aubrie.Kellby@yopmail.com,Aubrie.Kellby@gmail.com,worker,2774,Riverside
412,Lanae,Gunn,Lanae.Gunn@yopmail.com,Lanae.Gunn@gmail.com,police officer,590,Nairobi
413,Kaja,Jary,Kaja.Jary@yopmail.com,Kaja.Jary@gmail.com,doctor,1239,Jaipur
414,Morganica,Crudden,Morganica.Crudden@yopmail.com,Morganica.Crudden@gmail.com,police officer,1918,Perth
415,Cassondra,Drisko,Cassondra.Drisko@yopmail.com,Cassondra.Drisko@gmail.com,worker,5045,Timbuktu
416,Florencia,Kaja,Florencia.Kaja@yopmail.com,Florencia.Kaja@gmail.com,worker,8355,Adana
417,Hermione,Gemini,Hermione.Gemini@yopmail.com,Hermione.Gemini@gmail.com,developer,4643,Bratislava
418,Cassondra,Lutero,Cassondra.Lutero@yopmail.com,Cassondra.Lutero@gmail.com,police officer,1529,Austin
419,Moyna,Posner,Moyna.Posner@yopmail.com,Moyna.Posner@gmail.com,doctor,5834,La Serena
420,Asia,Neils,Asia.Neils@yopmail.com,Asia.Neils@gmail.com,police officer,7344,Lilongwe
421,Ilse,Terencio,Ilse.Terencio@yopmail.com,Ilse.Terencio@gmail.com,worker,2307,Kansas City
422,Ricky,Cleavland,Ricky.Cleavland@yopmail.com,Ricky.Cleavland@gmail.com,police officer,7349,Kingston
423,Annice,Mott,Annice.Mott@yopmail.com,Annice.Mott@gmail.com,doctor,5741,Frankfurt
424,Jere,Alice,Jere.Alice@yopmail.com,Jere.Alice@gmail.com,worker,5245,Cannes
425,Kirstin,Durware,Kirstin.Durware@yopmail.com,Kirstin.Durware@gmail.com,police officer,5662,Gold Coast
426,Kalina,Brian,Kalina.Brian@yopmail.com,Kalina.Brian@gmail.com,developer,1642,Kharkiv
427,Albertina,Pond,Albertina.Pond@yopmail.com,Albertina.Pond@gmail.com,police officer,1946,Toronto
428,Demetris,Janene,Demetris.Janene@yopmail.com,Demetris.Janene@gmail.com,doctor,8771,Ludhiana
429,Jany,Diann,Jany.Diann@yopmail.com,Jany.Diann@gmail.com,worker,4968,Porto Velho
430,Hollie,Dash,Hollie.Dash@yopmail.com,Hollie.Dash@gmail.com,police officer,7366,Mandurah
431,Gwyneth,Poppy,Gwyneth.Poppy@yopmail.com,Gwyneth.Poppy@gmail.com,police officer,9121,Horta (Azores)
432,Hayley,Crudden,Hayley.Crudden@yopmail.com,Hayley.Crudden@gmail.com,firefighter,8868,Podgorica
433,Moyna,Hepsibah,Moyna.Hepsibah@yopmail.com,Moyna.Hepsibah@gmail.com,doctor,8607,Fredericton
434,Fanchon,Clara,Fanchon.Clara@yopmail.com,Fanchon.Clara@gmail.com,firefighter,7273,Mashhad
435,Camile,Posner,Camile.Posner@yopmail.com,Camile.Posner@gmail.com,police officer,5452,Phnom Penh
436,Gabriellia,Ventre,Gabriellia.Ventre@yopmail.com,Gabriellia.Ventre@gmail.com,doctor,6534,Pune
437,Renae,Ioab,Renae.Ioab@yopmail.com,Renae.Ioab@gmail.com,developer,758,Liverpool
438,Gusella,Chesna,Gusella.Chesna@yopmail.com,Gusella.Chesna@gmail.com,police officer,2620,St. George's
439,Consuela,Burkle,Consuela.Burkle@yopmail.com,Consuela.Burkle@gmail.com,doctor,8600,Calgary
440,Alexine,Granoff,Alexine.Granoff@yopmail.com,Alexine.Granoff@gmail.com,worker,5408,Astana
441,Kaia,Aida,Kaia.Aida@yopmail.com,Kaia.Aida@gmail.com,firefighter,5419,Nizhny Novgorod
442,Eugine,Rese,Eugine.Rese@yopmail.com,Eugine.Rese@gmail.com,doctor,7244,Macau
443,Jorry,Gombach,Jorry.Gombach@yopmail.com,Jorry.Gombach@gmail.com,developer,5158,Lhasa
444,Kirbee,Judye,Kirbee.Judye@yopmail.com,Kirbee.Judye@gmail.com,worker,4539,Khartoum
445,Marti,Gordon,Marti.Gordon@yopmail.com,Marti.Gordon@gmail.com,worker,5439,Manzini
446,Roz,Sacken,Roz.Sacken@yopmail.com,Roz.Sacken@gmail.com,developer,1870,Islamabad
447,Darci,Nickola,Darci.Nickola@yopmail.com,Darci.Nickola@gmail.com,worker,1199,Macapá
448,Carol-Jean,Peg,Carol-Jean.Peg@yopmail.com,Carol-Jean.Peg@gmail.com,developer,6137,Virginia Beach
449,Ruthe,Elisha,Ruthe.Elisha@yopmail.com,Ruthe.Elisha@gmail.com,developer,2639,Dunedin
450,Chickie,Yoko,Chickie.Yoko@yopmail.com,Chickie.Yoko@gmail.com,doctor,9944,Andorra la Vella
451,Fred,Tomasina,Fred.Tomasina@yopmail.com,Fred.Tomasina@gmail.com,firefighter,7799,Maracaibo
452,Valli,Junie,Valli.Junie@yopmail.com,Valli.Junie@gmail.com,police officer,5124,Singapore
453,Dyann,Anyah,Dyann.Anyah@yopmail.com,Dyann.Anyah@gmail.com,developer,1392,Rawalpindi
454,Kylynn,Imelida,Kylynn.Imelida@yopmail.com,Kylynn.Imelida@gmail.com,firefighter,2994,Sarajevo
455,Vanessa,My,Vanessa.My@yopmail.com,Vanessa.My@gmail.com,firefighter,8827,Cebu City
456,Brianna,Brenn,Brianna.Brenn@yopmail.com,Brianna.Brenn@gmail.com,developer,7586,Ndola
457,Marline,Blase,Marline.Blase@yopmail.com,Marline.Blase@gmail.com,police officer,5326,Ljubljana
458,Gerianna,Harday,Gerianna.Harday@yopmail.com,Gerianna.Harday@gmail.com,developer,9818,Durango
459,Nanete,Woodberry,Nanete.Woodberry@yopmail.com,Nanete.Woodberry@gmail.com,developer,1019,Cologne
460,Sashenka,Trinetta,Sashenka.Trinetta@yopmail.com,Sashenka.Trinetta@gmail.com,worker,9636,Suez
461,Nikki,Alva,Nikki.Alva@yopmail.com,Nikki.Alva@gmail.com,developer,110,Jersey City
462,Kaja,Wu,Kaja.Wu@yopmail.com,Kaja.Wu@gmail.com,doctor,3545,Harbin
463,Talya,Kazimir,Talya.Kazimir@yopmail.com,Talya.Kazimir@gmail.com,doctor,415,Mumbai
464,Dorthy,Buckler,Dorthy.Buckler@yopmail.com,Dorthy.Buckler@gmail.com,developer,2115,Conakry
465,Paulita,Pitt,Paulita.Pitt@yopmail.com,Paulita.Pitt@gmail.com,doctor,9026,Suva
466,Farrah,Dom,Farrah.Dom@yopmail.com,Farrah.Dom@gmail.com,police officer,8462,Cape Town
467,Sarette,Kauppi,Sarette.Kauppi@yopmail.com,Sarette.Kauppi@gmail.com,worker,1377,Abidjan
468,Marline,Radu,Marline.Radu@yopmail.com,Marline.Radu@gmail.com,police officer,9020,Ottawa
469,Paule,Ingra,Paule.Ingra@yopmail.com,Paule.Ingra@gmail.com,police officer,4829,Greenwich
470,Regina,Tannie,Regina.Tannie@yopmail.com,Regina.Tannie@gmail.com,worker,6161,Tampa
471,Vita,Friede,Vita.Friede@yopmail.com,Vita.Friede@gmail.com,worker,4327,Berlin
472,Vonny,Swigart,Vonny.Swigart@yopmail.com,Vonny.Swigart@gmail.com,police officer,6206,Algiers
473,Katharina,Bibi,Katharina.Bibi@yopmail.com,Katharina.Bibi@gmail.com,firefighter,1844,Sofia
474,Ulrike,Baptlsta,Ulrike.Baptlsta@yopmail.com,Ulrike.Baptlsta@gmail.com,firefighter,1904,Sri Jayawardenapura-Kotte
475,Raina,Grobe,Raina.Grobe@yopmail.com,Raina.Grobe@gmail.com,police officer,2042,Iquique
476,Brynna,Garlinda,Brynna.Garlinda@yopmail.com,Brynna.Garlinda@gmail.com,doctor,3223,Alexandria
477,Andree,Melony,Andree.Melony@yopmail.com,Andree.Melony@gmail.com,police officer,8885,Norilsk
478,Olwen,Leifeste,Olwen.Leifeste@yopmail.com,Olwen.Leifeste@gmail.com,developer,6754,Colombo
479,Selma,Iphlgenia,Selma.Iphlgenia@yopmail.com,Selma.Iphlgenia@gmail.com,worker,5396,Riverside
480,Winny,Leffen,Winny.Leffen@yopmail.com,Winny.Leffen@gmail.com,worker,8159,Sydney
481,Melisent,Sparhawk,Melisent.Sparhawk@yopmail.com,Melisent.Sparhawk@gmail.com,developer,5607,Charlotte Amalie
482,Tabbatha,Eugenia,Tabbatha.Eugenia@yopmail.com,Tabbatha.Eugenia@gmail.com,doctor,2971,Valdivia
483,Michaelina,Dorcy,Michaelina.Dorcy@yopmail.com,Michaelina.Dorcy@gmail.com,firefighter,9987,Bandar Seri Begawan
484,Doro,Jerold,Doro.Jerold@yopmail.com,Doro.Jerold@gmail.com,firefighter,8512,Rockhampton
485,Edee,Winthorpe,Edee.Winthorpe@yopmail.com,Edee.Winthorpe@gmail.com,firefighter,2221,Libreville
486,Sam,Bluh,Sam.Bluh@yopmail.com,Sam.Bluh@gmail.com,firefighter,363,Aberdeen
487,Inga,Nunci,Inga.Nunci@yopmail.com,Inga.Nunci@gmail.com,firefighter,356,Singapore
488,Courtnay,Norrie,Courtnay.Norrie@yopmail.com,Courtnay.Norrie@gmail.com,doctor,7279,Washington
489,Elvira,Camden,Elvira.Camden@yopmail.com,Elvira.Camden@gmail.com,firefighter,3626,Mogadishu
490,Cordi,Pierette,Cordi.Pierette@yopmail.com,Cordi.Pierette@gmail.com,doctor,7509,George Town
491,Codie,Eckblad,Codie.Eckblad@yopmail.com,Codie.Eckblad@gmail.com,worker,1490,Pyongyang
492,Gilligan,Markman,Gilligan.Markman@yopmail.com,Gilligan.Markman@gmail.com,firefighter,6624,Port-au-Prince
493,Berget,Merriott,Berget.Merriott@yopmail.com,Berget.Merriott@gmail.com,firefighter,1774,Angra do Heroísmo
494,Bobbi,Seumas,Bobbi.Seumas@yopmail.com,Bobbi.Seumas@gmail.com,police officer,5050,Luxor
495,Mireielle,Kunin,Mireielle.Kunin@yopmail.com,Mireielle.Kunin@gmail.com,police officer,6197,New York City
496,Loree,Corabella,Loree.Corabella@yopmail.com,Loree.Corabella@gmail.com,police officer,3222,Kano
497,Halette,Sekofski,Halette.Sekofski@yopmail.com,Halette.Sekofski@gmail.com,developer,990,Amritsar
498,Zsa Zsa,Travax,Zsa Zsa.Travax@yopmail.com,Zsa Zsa.Travax@gmail.com,doctor,3895,Conakry
499,Cindelyn,Charity,Cindelyn.Charity@yopmail.com,Cindelyn.Charity@gmail.com,police officer,4787,Kano
500,Mureil,Bibi,Mureil.Bibi@yopmail.com,Mureil.Bibi@gmail.com,police officer,3544,Oslo
501,June,Dalli,June.Dalli@yopmail.com,June.Dalli@gmail.com,doctor,9063,Innsbruck
502,Pearline,Breed,Pearline.Breed@yopmail.com,Pearline.Breed@gmail.com,developer,3119,Kiev
503,Nanete,Maryanne,Nanete.Maryanne@yopmail.com,Nanete.Maryanne@gmail.com,firefighter,6395,Ulan Bator
504,Gaylene,Croix,Gaylene.Croix@yopmail.com,Gaylene.Croix@gmail.com,police officer,4365,Gothenburg
505,Carree,Lorain,Carree.Lorain@yopmail.com,Carree.Lorain@gmail.com,police officer,3816,Port Blair
506,Ursulina,Anestassia,Ursulina.Anestassia@yopmail.com,Ursulina.Anestassia@gmail.com,firefighter,3763,Naples
507,Lynnea,Kamaria,Lynnea.Kamaria@yopmail.com,Lynnea.Kamaria@gmail.com,developer,269,Stanley
508,Lynde,Bebe,Lynde.Bebe@yopmail.com,Lynde.Bebe@gmail.com,doctor,397,Bujumbura
509,Mady,Kunin,Mady.Kunin@yopmail.com,Mady.Kunin@gmail.com,police officer,6404,Mbabane
510,Frank,Wenoa,Frank.Wenoa@yopmail.com,Frank.Wenoa@gmail.com,police officer,5654,Tartu
511,Sam,Helfand,Sam.Helfand@yopmail.com,Sam.Helfand@gmail.com,police officer,4935,Thiès
512,Sophia,Mayeda,Sophia.Mayeda@yopmail.com,Sophia.Mayeda@gmail.com,firefighter,1373,Regina
513,Isa,Denis,Isa.Denis@yopmail.com,Isa.Denis@gmail.com,firefighter,9990,Ciudad del Este
514,Ketti,Talia,Ketti.Talia@yopmail.com,Ketti.Talia@gmail.com,firefighter,3697,Punta Arenas
515,Willetta,Chabot,Willetta.Chabot@yopmail.com,Willetta.Chabot@gmail.com,developer,1926,New Orleans
516,Kylynn,Madelene,Kylynn.Madelene@yopmail.com,Kylynn.Madelene@gmail.com,developer,25,Bratsk
517,Lanae,Laurianne,Lanae.Laurianne@yopmail.com,Lanae.Laurianne@gmail.com,doctor,6172,Sri Jayawardenapura-Kotte
518,Zia,Idelia,Zia.Idelia@yopmail.com,Zia.Idelia@gmail.com,firefighter,1712,Angra do Heroísmo
519,Bernie,Han,Bernie.Han@yopmail.com,Bernie.Han@gmail.com,firefighter,4465,Peshawar
520,Neila,Bollay,Neila.Bollay@yopmail.com,Neila.Bollay@gmail.com,doctor,18,Doha
521,Jerry,Margarete,Jerry.Margarete@yopmail.com,Jerry.Margarete@gmail.com,firefighter,4309,Kota Bharu
522,Aigneis,Moseley,Aigneis.Moseley@yopmail.com,Aigneis.Moseley@gmail.com,worker,6347,Tórshavn
523,Laurene,Fabiola,Laurene.Fabiola@yopmail.com,Laurene.Fabiola@gmail.com,developer,6575,Kandahar
524,Jordan,Aida,Jordan.Aida@yopmail.com,Jordan.Aida@gmail.com,police officer,8652,Dhaka
525,Elka,Vanni,Elka.Vanni@yopmail.com,Elka.Vanni@gmail.com,developer,4597,Serekunda
526,Chrystel,Knowling,Chrystel.Knowling@yopmail.com,Chrystel.Knowling@gmail.com,worker,1499,Prague
527,Raquela,Jorgan,Raquela.Jorgan@yopmail.com,Raquela.Jorgan@gmail.com,firefighter,3839,Qingdao
528,Jacenta,Jeanne,Jacenta.Jeanne@yopmail.com,Jacenta.Jeanne@gmail.com,worker,1150,Anchorage
529,Lyssa,Chinua,Lyssa.Chinua@yopmail.com,Lyssa.Chinua@gmail.com,developer,3952,Port Said
530,Lyssa,Bach,Lyssa.Bach@yopmail.com,Lyssa.Bach@gmail.com,doctor,1203,Dammam
531,Bobbi,Tristram,Bobbi.Tristram@yopmail.com,Bobbi.Tristram@gmail.com,firefighter,1505,Port Louis
532,Amelia,Ingra,Amelia.Ingra@yopmail.com,Amelia.Ingra@gmail.com,firefighter,5168,Tabriz
533,Ana,Cristi,Ana.Cristi@yopmail.com,Ana.Cristi@gmail.com,developer,2268,Tartu
534,Josephine,Tremayne,Josephine.Tremayne@yopmail.com,Josephine.Tremayne@gmail.com,firefighter,6683,Tegucigalpa
535,Juliane,Dorine,Juliane.Dorine@yopmail.com,Juliane.Dorine@gmail.com,firefighter,7808,Sapporo
536,Fayre,Willie,Fayre.Willie@yopmail.com,Fayre.Willie@gmail.com,developer,9796,Vientiane
537,Alie,Noelyn,Alie.Noelyn@yopmail.com,Alie.Noelyn@gmail.com,firefighter,8446,Zapopan
538,Lynde,Mott,Lynde.Mott@yopmail.com,Lynde.Mott@gmail.com,firefighter,8365,Mata-Utu
539,Marti,Magnolia,Marti.Magnolia@yopmail.com,Marti.Magnolia@gmail.com,firefighter,3564,Bandar Seri Begawan
540,Yolane,Iphlgenia,Yolane.Iphlgenia@yopmail.com,Yolane.Iphlgenia@gmail.com,firefighter,8489,Novosibirsk
541,Kary,Hartnett,Kary.Hartnett@yopmail.com,Kary.Hartnett@gmail.com,doctor,1287,Kabul
542,Feliza,Valerio,Feliza.Valerio@yopmail.com,Feliza.Valerio@gmail.com,doctor,2605,Denver
543,Corene,Berriman,Corene.Berriman@yopmail.com,Corene.Berriman@gmail.com,developer,7501,Hamburg
544,Brietta,Zaslow,Brietta.Zaslow@yopmail.com,Brietta.Zaslow@gmail.com,worker,2370,Rochester
545,Maridel,Willie,Maridel.Willie@yopmail.com,Maridel.Willie@gmail.com,police officer,5775,Seville
546,Binny,Douglass,Binny.Douglass@yopmail.com,Binny.Douglass@gmail.com,developer,7818,Washington
547,Ardys,Vanni,Ardys.Vanni@yopmail.com,Ardys.Vanni@gmail.com,doctor,3609,Cockburn Town
548,Ninnetta,Saunderson,Ninnetta.Saunderson@yopmail.com,Ninnetta.Saunderson@gmail.com,developer,5873,Lilongwe
549,Joane,Heidt,Joane.Heidt@yopmail.com,Joane.Heidt@gmail.com,developer,7074,Saipan
550,Jere,Yuille,Jere.Yuille@yopmail.com,Jere.Yuille@gmail.com,police officer,3092,Wichita
551,Rozele,Tamsky,Rozele.Tamsky@yopmail.com,Rozele.Tamsky@gmail.com,worker,7363,Toulouse
552,Joleen,Penelopa,Joleen.Penelopa@yopmail.com,Joleen.Penelopa@gmail.com,police officer,1762,Hamburg
553,Teriann,Turne,Teriann.Turne@yopmail.com,Teriann.Turne@gmail.com,police officer,4285,Stuttgart
554,Shauna,Gilbertson,Shauna.Gilbertson@yopmail.com,Shauna.Gilbertson@gmail.com,doctor,9355,Hamburg
555,Rozele,Melony,Rozele.Melony@yopmail.com,Rozele.Melony@gmail.com,worker,8017,Pekanbaru
556,Celestyna,Faria,Celestyna.Faria@yopmail.com,Celestyna.Faria@gmail.com,worker,5351,Tirana
557,Kaja,Lunsford,Kaja.Lunsford@yopmail.com,Kaja.Lunsford@gmail.com,police officer,2350,Mashhad
558,Melisent,Jerold,Melisent.Jerold@yopmail.com,Melisent.Jerold@gmail.com,developer,5363,La Paz
559,Constance,Burnside,Constance.Burnside@yopmail.com,Constance.Burnside@gmail.com,doctor,6322,Arbil
560,Farrah,Krystle,Farrah.Krystle@yopmail.com,Farrah.Krystle@gmail.com,worker,2377,Tampa
561,Dolli,Uund,Dolli.Uund@yopmail.com,Dolli.Uund@gmail.com,developer,9283,Port Vila
562,Dede,Brittani,Dede.Brittani@yopmail.com,Dede.Brittani@gmail.com,firefighter,3242,Tallinn
563,Roberta,Weitman,Roberta.Weitman@yopmail.com,Roberta.Weitman@gmail.com,firefighter,6381,Dushanbe
564,Dorthy,Rogerio,Dorthy.Rogerio@yopmail.com,Dorthy.Rogerio@gmail.com,developer,7887,Tbilisi
565,Sean,McAdams,Sean.McAdams@yopmail.com,Sean.McAdams@gmail.com,police officer,1177,Namangan
566,Cecile,Daveta,Cecile.Daveta@yopmail.com,Cecile.Daveta@gmail.com,developer,815,Anadyr (town)
567,Wynne,Raama,Wynne.Raama@yopmail.com,Wynne.Raama@gmail.com,police officer,8070,Bridgetown
568,Ileana,Schenck,Ileana.Schenck@yopmail.com,Ileana.Schenck@gmail.com,developer,6931,Glasgow
569,Madalyn,Peti,Madalyn.Peti@yopmail.com,Madalyn.Peti@gmail.com,worker,3971,Konya
570,Dode,Sinegold,Dode.Sinegold@yopmail.com,Dode.Sinegold@gmail.com,doctor,4517,Nuuk
571,Elbertina,Pitt,Elbertina.Pitt@yopmail.com,Elbertina.Pitt@gmail.com,firefighter,9198,Yaoundé
572,Beatriz,Judye,Beatriz.Judye@yopmail.com,Beatriz.Judye@gmail.com,firefighter,4414,Malé
573,Ernesta,Ingra,Ernesta.Ingra@yopmail.com,Ernesta.Ingra@gmail.com,police officer,8219,Jinan
574,Konstance,Tyson,Konstance.Tyson@yopmail.com,Konstance.Tyson@gmail.com,worker,9314,Freetown
575,Ebonee,Fink,Ebonee.Fink@yopmail.com,Ebonee.Fink@gmail.com,doctor,1096,Malmö
576,Carmela,Fennessy,Carmela.Fennessy@yopmail.com,Carmela.Fennessy@gmail.com,doctor,7528,Nanjing
577,Lonnie,Martguerita,Lonnie.Martguerita@yopmail.com,Lonnie.Martguerita@gmail.com,developer,4041,Serekunda
578,Linzy,Radu,Linzy.Radu@yopmail.com,Linzy.Radu@gmail.com,doctor,156,Lubumbashi
579,Sadie,Celestine,Sadie.Celestine@yopmail.com,Sadie.Celestine@gmail.com,worker,6305,Norilsk
580,Gerrie,Crudden,Gerrie.Crudden@yopmail.com,Gerrie.Crudden@gmail.com,developer,2544,Kansas City
581,Jackie,Gillan,Jackie.Gillan@yopmail.com,Jackie.Gillan@gmail.com,developer,1502,Quetzaltenango
582,Babita,Thomasina,Babita.Thomasina@yopmail.com,Babita.Thomasina@gmail.com,police officer,7290,Bogotá
583,Orelia,Amethist,Orelia.Amethist@yopmail.com,Orelia.Amethist@gmail.com,doctor,9179,Oslo
584,Ruthe,Carlson,Ruthe.Carlson@yopmail.com,Ruthe.Carlson@gmail.com,developer,2020,Bissau
585,Eadie,Hieronymus,Eadie.Hieronymus@yopmail.com,Eadie.Hieronymus@gmail.com,developer,4991,Douala
586,Clary,My,Clary.My@yopmail.com,Clary.My@gmail.com,police officer,6538,Athens
587,Daune,Cleo,Daune.Cleo@yopmail.com,Daune.Cleo@gmail.com,firefighter,97,Luxor
588,Chickie,Marlie,Chickie.Marlie@yopmail.com,Chickie.Marlie@gmail.com,developer,506,Udon Thani
589,Tracey,Douglass,Tracey.Douglass@yopmail.com,Tracey.Douglass@gmail.com,worker,6933,Kaesong
590,Elena,Nickola,Elena.Nickola@yopmail.com,Elena.Nickola@gmail.com,firefighter,3928,Milwaukee
591,Danika,Olympium,Danika.Olympium@yopmail.com,Danika.Olympium@gmail.com,police officer,9775,Durango
592,Stacey,Brodench,Stacey.Brodench@yopmail.com,Stacey.Brodench@gmail.com,worker,6590,Quezon City
593,Imojean,Markman,Imojean.Markman@yopmail.com,Imojean.Markman@gmail.com,developer,7756,Port Moresby
594,Catrina,Valoniah,Catrina.Valoniah@yopmail.com,Catrina.Valoniah@gmail.com,developer,3414,Jamestown
595,Phylis,Grobe,Phylis.Grobe@yopmail.com,Phylis.Grobe@gmail.com,worker,2352,Copenhagen
596,Maryellen,Glenden,Maryellen.Glenden@yopmail.com,Maryellen.Glenden@gmail.com,worker,3601,Osaka
597,Alejandra,Bluh,Alejandra.Bluh@yopmail.com,Alejandra.Bluh@gmail.com,worker,7263,Petropavlovsk-Kamchatsky
598,Grier,Wyn,Grier.Wyn@yopmail.com,Grier.Wyn@gmail.com,police officer,127,Puerto Williams
599,Merrie,Torray,Merrie.Torray@yopmail.com,Merrie.Torray@gmail.com,developer,1560,Nukuʻalofa
600,Alex,Latini,Alex.Latini@yopmail.com,Alex.Latini@gmail.com,developer,6596,Rochester
601,Georgetta,Thar,Georgetta.Thar@yopmail.com,Georgetta.Thar@gmail.com,doctor,6188,Riga
602,Alex,Earlie,Alex.Earlie@yopmail.com,Alex.Earlie@gmail.com,police officer,2756,Geelong
603,Carly,Elephus,Carly.Elephus@yopmail.com,Carly.Elephus@gmail.com,firefighter,7807,Baltimore
604,Clo,Kendrick,Clo.Kendrick@yopmail.com,Clo.Kendrick@gmail.com,doctor,6172,Dammam
605,Lindie,Naashom,Lindie.Naashom@yopmail.com,Lindie.Naashom@gmail.com,firefighter,1486,Kano
606,Dotty,Toni,Dotty.Toni@yopmail.com,Dotty.Toni@gmail.com,developer,5058,Honiara
607,Randa,Cressida,Randa.Cressida@yopmail.com,Randa.Cressida@gmail.com,doctor,5164,Melbourne
608,Elie,Merell,Elie.Merell@yopmail.com,Elie.Merell@gmail.com,worker,6631,Namangan
609,Constance,Saunderson,Constance.Saunderson@yopmail.com,Constance.Saunderson@gmail.com,firefighter,4290,Istanbul
610,Doralynne,Whiffen,Doralynne.Whiffen@yopmail.com,Doralynne.Whiffen@gmail.com,developer,8144,Harbin
611,Hermione,Weaks,Hermione.Weaks@yopmail.com,Hermione.Weaks@gmail.com,firefighter,8738,Ndola
612,Gisela,Nahum,Gisela.Nahum@yopmail.com,Gisela.Nahum@gmail.com,police officer,92,Cayenne
613,Celisse,Jeanne,Celisse.Jeanne@yopmail.com,Celisse.Jeanne@gmail.com,developer,770,Mashhad
614,Nikki,Zrike,Nikki.Zrike@yopmail.com,Nikki.Zrike@gmail.com,doctor,3167,Campo Grande
615,Ardeen,Amand,Ardeen.Amand@yopmail.com,Ardeen.Amand@gmail.com,firefighter,8136,Patna
616,Rebeca,Diogenes,Rebeca.Diogenes@yopmail.com,Rebeca.Diogenes@gmail.com,doctor,1617,Valencia
617,Correy,Means,Correy.Means@yopmail.com,Correy.Means@gmail.com,worker,9425,Alofi
618,Elvira,Mendez,Elvira.Mendez@yopmail.com,Elvira.Mendez@gmail.com,doctor,7535,Medina
619,Hollie,Pacorro,Hollie.Pacorro@yopmail.com,Hollie.Pacorro@gmail.com,developer,4993,Gaza
620,Kassey,Pandolfi,Kassey.Pandolfi@yopmail.com,Kassey.Pandolfi@gmail.com,doctor,2477,Petropavlovsk-Kamchatsky
621,Dania,Whiffen,Dania.Whiffen@yopmail.com,Dania.Whiffen@gmail.com,doctor,981,Suva
622,Marinna,Hedve,Marinna.Hedve@yopmail.com,Marinna.Hedve@gmail.com,police officer,6304,Buffalo
623,Jenda,Taima,Jenda.Taima@yopmail.com,Jenda.Taima@gmail.com,developer,8569,Samara
624,Candy,Paton,Candy.Paton@yopmail.com,Candy.Paton@gmail.com,developer,1619,Namangan
625,Alleen,Wolfgram,Alleen.Wolfgram@yopmail.com,Alleen.Wolfgram@gmail.com,police officer,3710,Sarajevo
626,Amii,Loeb,Amii.Loeb@yopmail.com,Amii.Loeb@gmail.com,developer,4354,Koror
627,Sharlene,Kesley,Sharlene.Kesley@yopmail.com,Sharlene.Kesley@gmail.com,worker,5296,Hong Kong
628,Kirbee,Pernick,Kirbee.Pernick@yopmail.com,Kirbee.Pernick@gmail.com,police officer,2541,Ciudad del Este
629,Ellette,Rolf,Ellette.Rolf@yopmail.com,Ellette.Rolf@gmail.com,doctor,7894,Townsville
630,Dede,Wadell,Dede.Wadell@yopmail.com,Dede.Wadell@gmail.com,doctor,4835,Pago Pago
631,Nerta,Berne,Nerta.Berne@yopmail.com,Nerta.Berne@gmail.com,worker,344,Oklahoma City
632,Dorice,Ackerley,Dorice.Ackerley@yopmail.com,Dorice.Ackerley@gmail.com,firefighter,6813,Zhengzhou
633,Dulce,Pauly,Dulce.Pauly@yopmail.com,Dulce.Pauly@gmail.com,police officer,6270,Detroit
634,Coral,Fulmer,Coral.Fulmer@yopmail.com,Coral.Fulmer@gmail.com,developer,7194,Townsville
635,Nerta,Middleton,Nerta.Middleton@yopmail.com,Nerta.Middleton@gmail.com,developer,8009,La Paz
636,Kate,Moseley,Kate.Moseley@yopmail.com,Kate.Moseley@gmail.com,police officer,392,Innsbruck
637,Calla,Wilona,Calla.Wilona@yopmail.com,Calla.Wilona@gmail.com,doctor,3879,Santa Cruz de Tenerife
638,Ekaterina,Weide,Ekaterina.Weide@yopmail.com,Ekaterina.Weide@gmail.com,doctor,4805,Liverpool
639,Margarette,Madelene,Margarette.Madelene@yopmail.com,Margarette.Madelene@gmail.com,doctor,2713,Oslo
640,Lesly,Strephon,Lesly.Strephon@yopmail.com,Lesly.Strephon@gmail.com,firefighter,6670,Canberra
641,Aurelie,Claudine,Aurelie.Claudine@yopmail.com,Aurelie.Claudine@gmail.com,firefighter,7253,Sucre
642,Kylynn,Faro,Kylynn.Faro@yopmail.com,Kylynn.Faro@gmail.com,developer,3047,Buffalo
643,Marline,Hubert,Marline.Hubert@yopmail.com,Marline.Hubert@gmail.com,developer,4934,Kyoto
644,Iseabal,Brady,Iseabal.Brady@yopmail.com,Iseabal.Brady@gmail.com,developer,3740,Valencia
645,Marylou,Orlene,Marylou.Orlene@yopmail.com,Marylou.Orlene@gmail.com,doctor,6243,Stockholm
646,Ada,Ade,Ada.Ade@yopmail.com,Ada.Ade@gmail.com,police officer,3706,Pune
647,Constance,Tamar,Constance.Tamar@yopmail.com,Constance.Tamar@gmail.com,worker,4941,Jayapura
648,Micheline,Jalbert,Micheline.Jalbert@yopmail.com,Micheline.Jalbert@gmail.com,police officer,9581,Bishkek
649,Tressa,Kolnick,Tressa.Kolnick@yopmail.com,Tressa.Kolnick@gmail.com,doctor,1611,Cairo
650,Vere,Ciapas,Vere.Ciapas@yopmail.com,Vere.Ciapas@gmail.com,police officer,9139,Magadan
651,Korrie,Sholley,Korrie.Sholley@yopmail.com,Korrie.Sholley@gmail.com,doctor,3958,Lviv
652,Ingrid,Romelda,Ingrid.Romelda@yopmail.com,Ingrid.Romelda@gmail.com,worker,1671,Palikir
653,Amelia,Helfand,Amelia.Helfand@yopmail.com,Amelia.Helfand@gmail.com,developer,7068,Mandurah
654,Lilith,Percy,Lilith.Percy@yopmail.com,Lilith.Percy@gmail.com,police officer,7922,Lima
655,Nannie,Behre,Nannie.Behre@yopmail.com,Nannie.Behre@gmail.com,firefighter,1127,Vatican City
656,Lita,Bryna,Lita.Bryna@yopmail.com,Lita.Bryna@gmail.com,police officer,6788,Dodoma
657,Jessamyn,Stephie,Jessamyn.Stephie@yopmail.com,Jessamyn.Stephie@gmail.com,doctor,8280,Gangtok
658,Claresta,Viddah,Claresta.Viddah@yopmail.com,Claresta.Viddah@gmail.com,doctor,3030,Nicosia
659,Fanny,Franza,Fanny.Franza@yopmail.com,Fanny.Franza@gmail.com,developer,7266,Incheon
660,Malina,Pauly,Malina.Pauly@yopmail.com,Malina.Pauly@gmail.com,developer,2961,Chiang Mai
661,Lyssa,Abernon,Lyssa.Abernon@yopmail.com,Lyssa.Abernon@gmail.com,developer,5261,Porto-Novo
662,Jacquetta,Janene,Jacquetta.Janene@yopmail.com,Jacquetta.Janene@gmail.com,doctor,6608,São Paulo
663,Ethel,Susannah,Ethel.Susannah@yopmail.com,Ethel.Susannah@gmail.com,doctor,5345,Port Vila
664,Rivalee,Briney,Rivalee.Briney@yopmail.com,Rivalee.Briney@gmail.com,firefighter,5216,Kingstown
665,Rosabelle,Desai,Rosabelle.Desai@yopmail.com,Rosabelle.Desai@gmail.com,worker,2967,Ponta Delgada
666,Laurene,Rudolph,Laurene.Rudolph@yopmail.com,Laurene.Rudolph@gmail.com,worker,4971,Bahía Blanca
667,Josephine,Waite,Josephine.Waite@yopmail.com,Josephine.Waite@gmail.com,doctor,2078,Montevideo
668,Deirdre,Cyrie,Deirdre.Cyrie@yopmail.com,Deirdre.Cyrie@gmail.com,developer,6259,Bandar Seri Begawan
669,Drucie,Malvino,Drucie.Malvino@yopmail.com,Drucie.Malvino@gmail.com,developer,2629,Baku
670,Etta,Dawkins,Etta.Dawkins@yopmail.com,Etta.Dawkins@gmail.com,developer,2504,Jerusalem
671,Maridel,Lorain,Maridel.Lorain@yopmail.com,Maridel.Lorain@gmail.com,doctor,2199,Iqaluit
672,Layla,Vilma,Layla.Vilma@yopmail.com,Layla.Vilma@gmail.com,doctor,2046,Ilhéus
673,Meghann,Maisey,Meghann.Maisey@yopmail.com,Meghann.Maisey@gmail.com,police officer,2290,Bucharest
674,Gretal,Pauly,Gretal.Pauly@yopmail.com,Gretal.Pauly@gmail.com,firefighter,514,Bandar Seri Begawan
675,Brynna,Cohdwell,Brynna.Cohdwell@yopmail.com,Brynna.Cohdwell@gmail.com,worker,1808,Nukus
676,Lucille,Gaal,Lucille.Gaal@yopmail.com,Lucille.Gaal@gmail.com,firefighter,390,Tampa
677,Hayley,Cookie,Hayley.Cookie@yopmail.com,Hayley.Cookie@gmail.com,worker,3154,Nukuʻalofa
678,Asia,Rheingold,Asia.Rheingold@yopmail.com,Asia.Rheingold@gmail.com,developer,4896,Mata-Utu
679,Helena,Winthorpe,Helena.Winthorpe@yopmail.com,Helena.Winthorpe@gmail.com,developer,404,Nukuʻalofa
680,Diena,Pond,Diena.Pond@yopmail.com,Diena.Pond@gmail.com,doctor,1766,Dili
681,Tierney,Judye,Tierney.Judye@yopmail.com,Tierney.Judye@gmail.com,firefighter,5999,Bahía Blanca
682,Tressa,Trey,Tressa.Trey@yopmail.com,Tressa.Trey@gmail.com,doctor,6025,Yekaterinburg
683,Annabela,Irmine,Annabela.Irmine@yopmail.com,Annabela.Irmine@gmail.com,doctor,7929,İzmir
684,Riannon,Riva,Riannon.Riva@yopmail.com,Riannon.Riva@gmail.com,worker,5421,San Salvador
685,Dulcinea,Sperling,Dulcinea.Sperling@yopmail.com,Dulcinea.Sperling@gmail.com,police officer,1490,Yerevan
686,Brynna,Sekofski,Brynna.Sekofski@yopmail.com,Brynna.Sekofski@gmail.com,firefighter,5039,Bulawayo
687,Mamie,Howlyn,Mamie.Howlyn@yopmail.com,Mamie.Howlyn@gmail.com,police officer,5488,Alexandria
688,Hallie,Minetta,Hallie.Minetta@yopmail.com,Hallie.Minetta@gmail.com,police officer,6321,Srinagar
689,Lolita,Carolin,Lolita.Carolin@yopmail.com,Lolita.Carolin@gmail.com,worker,7605,Bloemfontein
690,Dede,Kinnard,Dede.Kinnard@yopmail.com,Dede.Kinnard@gmail.com,firefighter,9529,Jinan
691,Maisey,Malvino,Maisey.Malvino@yopmail.com,Maisey.Malvino@gmail.com,developer,7663,Hanga Roa
692,Nariko,Tice,Nariko.Tice@yopmail.com,Nariko.Tice@gmail.com,worker,1,Hangzhou
693,Addia,Couture,Addia.Couture@yopmail.com,Addia.Couture@gmail.com,doctor,9199,Barranquilla
694,Basia,Natica,Basia.Natica@yopmail.com,Basia.Natica@gmail.com,firefighter,2949,Managua
695,Evaleen,Reidar,Evaleen.Reidar@yopmail.com,Evaleen.Reidar@gmail.com,firefighter,2971,Djibouti (city)
696,Blinni,Eldrid,Blinni.Eldrid@yopmail.com,Blinni.Eldrid@gmail.com,doctor,8678,Dallas
697,Mahalia,Hollingsworth,Mahalia.Hollingsworth@yopmail.com,Mahalia.Hollingsworth@gmail.com,doctor,1258,Medellín
698,Pearline,Georgy,Pearline.Georgy@yopmail.com,Pearline.Georgy@gmail.com,doctor,6461,Patna
699,Devina,Emmy,Devina.Emmy@yopmail.com,Devina.Emmy@gmail.com,doctor,6315,Konya
700,Aurore,Glenden,Aurore.Glenden@yopmail.com,Aurore.Glenden@gmail.com,developer,6765,Phoenix
701,Kalina,Fry,Kalina.Fry@yopmail.com,Kalina.Fry@gmail.com,doctor,4372,Hanover
702,Rubie,Levey,Rubie.Levey@yopmail.com,Rubie.Levey@gmail.com,firefighter,9308,Perth
703,Sharai,Giule,Sharai.Giule@yopmail.com,Sharai.Giule@gmail.com,developer,3044,Lobamba
704,Meghann,Lareena,Meghann.Lareena@yopmail.com,Meghann.Lareena@gmail.com,doctor,3442,Buffalo
705,Wendi,Dyche,Wendi.Dyche@yopmail.com,Wendi.Dyche@gmail.com,worker,3584,Jaipur
706,Chandra,Toor,Chandra.Toor@yopmail.com,Chandra.Toor@gmail.com,firefighter,9480,St. Louis
707,Asia,Millda,Asia.Millda@yopmail.com,Asia.Millda@gmail.com,developer,1998,Novosibirsk
708,Jessamyn,Burkle,Jessamyn.Burkle@yopmail.com,Jessamyn.Burkle@gmail.com,firefighter,671,Nantes
709,Lynde,Estella,Lynde.Estella@yopmail.com,Lynde.Estella@gmail.com,doctor,1925,Basse-Terre
710,Dede,Newell,Dede.Newell@yopmail.com,Dede.Newell@gmail.com,developer,6262,Monaco
711,Deane,Peti,Deane.Peti@yopmail.com,Deane.Peti@gmail.com,worker,4619,Sacramento
712,Kittie,Friede,Kittie.Friede@yopmail.com,Kittie.Friede@gmail.com,firefighter,3768,Punta Arenas
713,Minda,Dalli,Minda.Dalli@yopmail.com,Minda.Dalli@gmail.com,developer,7847,Malmö
714,Carlie,Haldas,Carlie.Haldas@yopmail.com,Carlie.Haldas@gmail.com,developer,3138,Honiara
715,Fawne,Esmaria,Fawne.Esmaria@yopmail.com,Fawne.Esmaria@gmail.com,firefighter,4414,Townsville
716,Rebeca,Drisko,Rebeca.Drisko@yopmail.com,Rebeca.Drisko@gmail.com,worker,8921,Porto Velho
717,Ada,Kermit,Ada.Kermit@yopmail.com,Ada.Kermit@gmail.com,worker,5201,Fukuoka
718,Fernande,Cohdwell,Fernande.Cohdwell@yopmail.com,Fernande.Cohdwell@gmail.com,worker,527,São José dos Campos
719,Fawne,Ferrell,Fawne.Ferrell@yopmail.com,Fawne.Ferrell@gmail.com,firefighter,2948,Dhaka
720,Robinia,Salchunas,Robinia.Salchunas@yopmail.com,Robinia.Salchunas@gmail.com,firefighter,8377,Niamey
721,Vonny,Grobe,Vonny.Grobe@yopmail.com,Vonny.Grobe@gmail.com,firefighter,7063,Portland
722,Elka,Bow,Elka.Bow@yopmail.com,Elka.Bow@gmail.com,firefighter,5725,Stuttgart
723,Melina,Noam,Melina.Noam@yopmail.com,Melina.Noam@gmail.com,developer,2768,Valletta
724,Gusty,Lytton,Gusty.Lytton@yopmail.com,Gusty.Lytton@gmail.com,firefighter,6876,Cayenne
725,Josephine,Philipp,Josephine.Philipp@yopmail.com,Josephine.Philipp@gmail.com,developer,4966,Wellington
726,Chickie,Middleton,Chickie.Middleton@yopmail.com,Chickie.Middleton@gmail.com,worker,107,Omsk
727,Neila,Roche,Neila.Roche@yopmail.com,Neila.Roche@gmail.com,doctor,37,Cardiff
728,Melisent,Pond,Melisent.Pond@yopmail.com,Melisent.Pond@gmail.com,worker,9642,Strasbourg
729,Teriann,Glenden,Teriann.Glenden@yopmail.com,Teriann.Glenden@gmail.com,police officer,1659,Asmara
730,Iseabal,Klemperer,Iseabal.Klemperer@yopmail.com,Iseabal.Klemperer@gmail.com,developer,9596,Islamabad
731,Jsandye,Fosque,Jsandye.Fosque@yopmail.com,Jsandye.Fosque@gmail.com,worker,4497,Tórshavn
732,Taffy,Peonir,Taffy.Peonir@yopmail.com,Taffy.Peonir@gmail.com,firefighter,7085,Tokyo
733,Shannah,Lacombe,Shannah.Lacombe@yopmail.com,Shannah.Lacombe@gmail.com,police officer,1827,Tunis
734,Ashlee,Terencio,Ashlee.Terencio@yopmail.com,Ashlee.Terencio@gmail.com,worker,3757,Cusco
735,Ardenia,Baptlsta,Ardenia.Baptlsta@yopmail.com,Ardenia.Baptlsta@gmail.com,firefighter,2502,Reykjavík
736,Ofilia,Ogren,Ofilia.Ogren@yopmail.com,Ofilia.Ogren@gmail.com,developer,125,Kaohsiung
737,Tersina,Kiersten,Tersina.Kiersten@yopmail.com,Tersina.Kiersten@gmail.com,doctor,7660,Port-au-Prince
738,Priscilla,Old,Priscilla.Old@yopmail.com,Priscilla.Old@gmail.com,doctor,3594,Yellowknife
739,Edee,Karylin,Edee.Karylin@yopmail.com,Edee.Karylin@gmail.com,doctor,4291,Kota Bharu
740,Sheelagh,Carbo,Sheelagh.Carbo@yopmail.com,Sheelagh.Carbo@gmail.com,firefighter,9836,Cannes
741,Sonni,Idelia,Sonni.Idelia@yopmail.com,Sonni.Idelia@gmail.com,firefighter,4116,Fort-de-France
742,Charlena,Juliet,Charlena.Juliet@yopmail.com,Charlena.Juliet@gmail.com,worker,8843,Lima
743,Bibby,Junie,Bibby.Junie@yopmail.com,Bibby.Junie@gmail.com,worker,708,Marrakech
744,Max,Kazimir,Max.Kazimir@yopmail.com,Max.Kazimir@gmail.com,worker,8642,Graz
745,Kayla,Saunderson,Kayla.Saunderson@yopmail.com,Kayla.Saunderson@gmail.com,firefighter,6130,Quetzaltenango
746,Raquela,Clara,Raquela.Clara@yopmail.com,Raquela.Clara@gmail.com,worker,5788,Wellington
747,Noelle,Christine,Noelle.Christine@yopmail.com,Noelle.Christine@gmail.com,doctor,1191,Johor Bahru
748,Talya,Madelene,Talya.Madelene@yopmail.com,Talya.Madelene@gmail.com,doctor,7872,Manchester
749,Josephine,Norvol,Josephine.Norvol@yopmail.com,Josephine.Norvol@gmail.com,firefighter,1784,Zanzibar City
750,Lita,Teryn,Lita.Teryn@yopmail.com,Lita.Teryn@gmail.com,developer,2735,Brisbane
751,Lelah,Vary,Lelah.Vary@yopmail.com,Lelah.Vary@gmail.com,police officer,1633,Ahmedabad
752,Deloria,Lory,Deloria.Lory@yopmail.com,Deloria.Lory@gmail.com,worker,7484,Honolulu
753,Marylou,Ranjiv,Marylou.Ranjiv@yopmail.com,Marylou.Ranjiv@gmail.com,firefighter,4746,Boston
754,Perry,Kunin,Perry.Kunin@yopmail.com,Perry.Kunin@gmail.com,firefighter,213,Sydney
755,Gilda,Mozelle,Gilda.Mozelle@yopmail.com,Gilda.Mozelle@gmail.com,police officer,9324,Dibrugarh
756,Maye,Codding,Maye.Codding@yopmail.com,Maye.Codding@gmail.com,police officer,8211,Port Hedland
757,Lenna,Sacken,Lenna.Sacken@yopmail.com,Lenna.Sacken@gmail.com,developer,7942,Ushuaia
758,Jerry,Syd,Jerry.Syd@yopmail.com,Jerry.Syd@gmail.com,police officer,7316,Dar es Salaam
759,Michaelina,Liva,Michaelina.Liva@yopmail.com,Michaelina.Liva@gmail.com,developer,8862,Mecca
760,Lory,Joni,Lory.Joni@yopmail.com,Lory.Joni@gmail.com,developer,6242,Antananarivo
761,Britni,Lipson,Britni.Lipson@yopmail.com,Britni.Lipson@gmail.com,police officer,4463,Bishkek
762,Brynna,Justinn,Brynna.Justinn@yopmail.com,Brynna.Justinn@gmail.com,firefighter,1015,Surat Thani
763,Tori,Hermes,Tori.Hermes@yopmail.com,Tori.Hermes@gmail.com,police officer,4283,Kathmandu
764,Dari,Turne,Dari.Turne@yopmail.com,Dari.Turne@gmail.com,doctor,7039,Miri
765,Chere,Kinnard,Chere.Kinnard@yopmail.com,Chere.Kinnard@gmail.com,worker,295,Punta Arenas
766,Ricky,Raseda,Ricky.Raseda@yopmail.com,Ricky.Raseda@gmail.com,police officer,4122,Calgary
767,Vanessa,Darrell,Vanessa.Darrell@yopmail.com,Vanessa.Darrell@gmail.com,doctor,1651,Almaty
768,Raquela,Valoniah,Raquela.Valoniah@yopmail.com,Raquela.Valoniah@gmail.com,worker,5264,Ndola
769,Rhea,Meli,Rhea.Meli@yopmail.com,Rhea.Meli@gmail.com,doctor,895,Porto-Novo
770,Ellette,Zrike,Ellette.Zrike@yopmail.com,Ellette.Zrike@gmail.com,firefighter,6607,Cannes
771,Valeda,Tacye,Valeda.Tacye@yopmail.com,Valeda.Tacye@gmail.com,firefighter,3816,Dallas
772,Gloria,Donell,Gloria.Donell@yopmail.com,Gloria.Donell@gmail.com,doctor,8118,Sana'a
773,Kayla,Gregrory,Kayla.Gregrory@yopmail.com,Kayla.Gregrory@gmail.com,doctor,8842,Wellington
774,Georgetta,Milson,Georgetta.Milson@yopmail.com,Georgetta.Milson@gmail.com,police officer,1707,Malacca Town
775,Mireielle,Joni,Mireielle.Joni@yopmail.com,Mireielle.Joni@gmail.com,firefighter,5144,Kingstown
776,Dorothy,Shirberg,Dorothy.Shirberg@yopmail.com,Dorothy.Shirberg@gmail.com,worker,3045,Batticaloa
777,Willetta,Tjon,Willetta.Tjon@yopmail.com,Willetta.Tjon@gmail.com,developer,8375,Bogor
778,Ann-Marie,Braun,Ann-Marie.Braun@yopmail.com,Ann-Marie.Braun@gmail.com,worker,755,Kuala Lumpur
779,Caritta,Federica,Caritta.Federica@yopmail.com,Caritta.Federica@gmail.com,doctor,6130,Phoenix
780,Jackie,Seligman,Jackie.Seligman@yopmail.com,Jackie.Seligman@gmail.com,firefighter,4483,Brussels
781,Hallie,Katrine,Hallie.Katrine@yopmail.com,Hallie.Katrine@gmail.com,doctor,3004,Las Vegas
782,Marika,Sawtelle,Marika.Sawtelle@yopmail.com,Marika.Sawtelle@gmail.com,police officer,6872,Juneau
783,Sonni,Maryanne,Sonni.Maryanne@yopmail.com,Sonni.Maryanne@gmail.com,police officer,7313,Pristina
784,Collen,Larochelle,Collen.Larochelle@yopmail.com,Collen.Larochelle@gmail.com,police officer,9940,Brazzaville
785,Oralee,Gualtiero,Oralee.Gualtiero@yopmail.com,Oralee.Gualtiero@gmail.com,firefighter,5899,Huế
786,Tybie,Alwin,Tybie.Alwin@yopmail.com,Tybie.Alwin@gmail.com,developer,2472,Paramaribo
787,Lynnea,Edison,Lynnea.Edison@yopmail.com,Lynnea.Edison@gmail.com,developer,9629,Port of Spain
788,Bernie,Liebermann,Bernie.Liebermann@yopmail.com,Bernie.Liebermann@gmail.com,doctor,3199,Nukus
789,Blinni,Karna,Blinni.Karna@yopmail.com,Blinni.Karna@gmail.com,firefighter,300,Banjul
790,Donetta,Lucienne,Donetta.Lucienne@yopmail.com,Donetta.Lucienne@gmail.com,developer,7008,Greenwich
791,Dyann,Kauppi,Dyann.Kauppi@yopmail.com,Dyann.Kauppi@gmail.com,worker,1750,Washington
792,Hallie,Merell,Hallie.Merell@yopmail.com,Hallie.Merell@gmail.com,worker,4237,Saint Petersburg
793,Collen,Jary,Collen.Jary@yopmail.com,Collen.Jary@gmail.com,police officer,4789,Porto-Novo
794,Lanna,McGrody,Lanna.McGrody@yopmail.com,Lanna.McGrody@gmail.com,developer,302,Port of Spain
795,Benita,Ovid,Benita.Ovid@yopmail.com,Benita.Ovid@gmail.com,worker,1698,Wichita
796,Norine,Nikaniki,Norine.Nikaniki@yopmail.com,Norine.Nikaniki@gmail.com,firefighter,9643,Bratsk
797,Fayre,Urias,Fayre.Urias@yopmail.com,Fayre.Urias@gmail.com,police officer,4226,Guatemala City
798,Dotty,Friede,Dotty.Friede@yopmail.com,Dotty.Friede@gmail.com,firefighter,4581,Moscow
799,Ninnetta,Timon,Ninnetta.Timon@yopmail.com,Ninnetta.Timon@gmail.com,developer,7753,Sofia
800,Cherilyn,Simmonds,Cherilyn.Simmonds@yopmail.com,Cherilyn.Simmonds@gmail.com,worker,2632,Stepanakert
801,Rosanne,Jalbert,Rosanne.Jalbert@yopmail.com,Rosanne.Jalbert@gmail.com,doctor,221,City of Halifax
802,Correy,Gunn,Correy.Gunn@yopmail.com,Correy.Gunn@gmail.com,worker,5312,Hat Yai
803,Mariele,Dorine,Mariele.Dorine@yopmail.com,Mariele.Dorine@gmail.com,worker,7106,Detroit
804,Konstance,Waldron,Konstance.Waldron@yopmail.com,Konstance.Waldron@gmail.com,police officer,4296,Mexicali
805,Laurene,Braun,Laurene.Braun@yopmail.com,Laurene.Braun@gmail.com,police officer,6600,Shenzhen
806,Lorie,Devlen,Lorie.Devlen@yopmail.com,Lorie.Devlen@gmail.com,firefighter,6452,Phnom Penh
807,Tori,Taam,Tori.Taam@yopmail.com,Tori.Taam@gmail.com,firefighter,2306,Peshawar
808,Andeee,Eugenia,Andeee.Eugenia@yopmail.com,Andeee.Eugenia@gmail.com,firefighter,2568,Helsinki
809,Betta,Roche,Betta.Roche@yopmail.com,Betta.Roche@gmail.com,worker,2772,Guadalajara
810,Theodora,Swigart,Theodora.Swigart@yopmail.com,Theodora.Swigart@gmail.com,police officer,898,Panama City
811,Courtnay,Linskey,Courtnay.Linskey@yopmail.com,Courtnay.Linskey@gmail.com,doctor,4711,Kano
812,Anestassia,Bivins,Anestassia.Bivins@yopmail.com,Anestassia.Bivins@gmail.com,worker,4910,Pelotas
813,Olivette,Hazlett,Olivette.Hazlett@yopmail.com,Olivette.Hazlett@gmail.com,police officer,8424,Copenhagen
814,Ernesta,Sidonius,Ernesta.Sidonius@yopmail.com,Ernesta.Sidonius@gmail.com,police officer,2715,Luxembourg (city)
815,Siana,Evvie,Siana.Evvie@yopmail.com,Siana.Evvie@gmail.com,worker,3145,Rosario
816,Agnese,Standing,Agnese.Standing@yopmail.com,Agnese.Standing@gmail.com,doctor,4745,Adamstown
817,Tybie,Wareing,Tybie.Wareing@yopmail.com,Tybie.Wareing@gmail.com,developer,4307,Bursa
818,Meg,Saint,Meg.Saint@yopmail.com,Meg.Saint@gmail.com,worker,7889,Stuttgart
819,Robinia,Estella,Robinia.Estella@yopmail.com,Robinia.Estella@gmail.com,firefighter,5163,Dresden
820,Emelina,Liva,Emelina.Liva@yopmail.com,Emelina.Liva@gmail.com,worker,9080,Kandy
821,Codie,Honoria,Codie.Honoria@yopmail.com,Codie.Honoria@gmail.com,police officer,2007,Adelaide
822,Maud,Sherfield,Maud.Sherfield@yopmail.com,Maud.Sherfield@gmail.com,doctor,8100,Alofi
823,Jordan,Viddah,Jordan.Viddah@yopmail.com,Jordan.Viddah@gmail.com,firefighter,1461,Horta (Azores)
824,Joelly,Stover,Joelly.Stover@yopmail.com,Joelly.Stover@gmail.com,developer,7719,Accra
825,Shaylyn,Sophronia,Shaylyn.Sophronia@yopmail.com,Shaylyn.Sophronia@gmail.com,doctor,1891,Srinagar
826,Chrystel,Durware,Chrystel.Durware@yopmail.com,Chrystel.Durware@gmail.com,firefighter,9228,Brazzaville
827,Lilith,August,Lilith.August@yopmail.com,Lilith.August@gmail.com,doctor,9521,Charlottetown
828,Vevay,Slifka,Vevay.Slifka@yopmail.com,Vevay.Slifka@gmail.com,police officer,217,Nukulaelae
829,Tori,Pernick,Tori.Pernick@yopmail.com,Tori.Pernick@gmail.com,police officer,2283,Whitehorse
830,Alex,Taam,Alex.Taam@yopmail.com,Alex.Taam@gmail.com,firefighter,3983,Antananarivo
831,Helena,Shields,Helena.Shields@yopmail.com,Helena.Shields@gmail.com,police officer,5575,Nanning
832,Fina,Elo,Fina.Elo@yopmail.com,Fina.Elo@gmail.com,police officer,9956,Guayaquil
833,Rozele,Brackely,Rozele.Brackely@yopmail.com,Rozele.Brackely@gmail.com,police officer,5906,Sri Jayawardenapura-Kotte
834,Rori,Hortensia,Rori.Hortensia@yopmail.com,Rori.Hortensia@gmail.com,worker,2606,Saskatoon
835,Elbertina,Plato,Elbertina.Plato@yopmail.com,Elbertina.Plato@gmail.com,police officer,2171,Oklahoma City
836,Cathie,Carmena,Cathie.Carmena@yopmail.com,Cathie.Carmena@gmail.com,doctor,8619,Yogyakarta (city)
837,Adore,Redmond,Adore.Redmond@yopmail.com,Adore.Redmond@gmail.com,firefighter,8404,Lhasa
838,Joelly,Hedve,Joelly.Hedve@yopmail.com,Joelly.Hedve@gmail.com,worker,7660,Edmonton
839,Riannon,Etom,Riannon.Etom@yopmail.com,Riannon.Etom@gmail.com,firefighter,7610,Sri Jayawardenapura-Kotte
840,Blinni,Glovsky,Blinni.Glovsky@yopmail.com,Blinni.Glovsky@gmail.com,developer,32,Peshawar
841,Susan,Flita,Susan.Flita@yopmail.com,Susan.Flita@gmail.com,developer,3080,Tabriz
842,Ann-Marie,Plato,Ann-Marie.Plato@yopmail.com,Ann-Marie.Plato@gmail.com,developer,9945,Split (city)
843,Kylynn,Fitzsimmons,Kylynn.Fitzsimmons@yopmail.com,Kylynn.Fitzsimmons@gmail.com,worker,5328,Surat
844,Nicoli,Neva,Nicoli.Neva@yopmail.com,Nicoli.Neva@gmail.com,firefighter,9047,Kraków
845,Catharine,Amadas,Catharine.Amadas@yopmail.com,Catharine.Amadas@gmail.com,worker,250,La Paz
846,Stephanie,Buttaro,Stephanie.Buttaro@yopmail.com,Stephanie.Buttaro@gmail.com,worker,9121,Sarajevo
847,Mildrid,Berriman,Mildrid.Berriman@yopmail.com,Mildrid.Berriman@gmail.com,firefighter,2886,Bangkok
848,Janey,Greenwald,Janey.Greenwald@yopmail.com,Janey.Greenwald@gmail.com,worker,9735,Charlotte Amalie
849,Sheree,Madelene,Sheree.Madelene@yopmail.com,Sheree.Madelene@gmail.com,firefighter,4802,Port Vila
850,Livvyy,Joseph,Livvyy.Joseph@yopmail.com,Livvyy.Joseph@gmail.com,firefighter,8858,Tehran
851,Dione,Prouty,Dione.Prouty@yopmail.com,Dione.Prouty@gmail.com,developer,5742,Linz
852,Phedra,Tengdin,Phedra.Tengdin@yopmail.com,Phedra.Tengdin@gmail.com,doctor,406,Cockburn Town
853,Nyssa,Glenden,Nyssa.Glenden@yopmail.com,Nyssa.Glenden@gmail.com,developer,5042,Gaborone
854,Mellicent,Skell,Mellicent.Skell@yopmail.com,Mellicent.Skell@gmail.com,doctor,989,City of Halifax
855,Sheelagh,Gherardo,Sheelagh.Gherardo@yopmail.com,Sheelagh.Gherardo@gmail.com,firefighter,1112,Brikama
856,Selia,Lewes,Selia.Lewes@yopmail.com,Selia.Lewes@gmail.com,doctor,6612,Zürich
857,Susan,Kaja,Susan.Kaja@yopmail.com,Susan.Kaja@gmail.com,firefighter,6370,Kharkiv
858,Henriette,Syd,Henriette.Syd@yopmail.com,Henriette.Syd@gmail.com,police officer,569,San José
859,Dode,Andrel,Dode.Andrel@yopmail.com,Dode.Andrel@gmail.com,police officer,7830,Weno
860,Corina,Gaynor,Corina.Gaynor@yopmail.com,Corina.Gaynor@gmail.com,developer,4659,Mata-Utu
861,Gavrielle,Penelopa,Gavrielle.Penelopa@yopmail.com,Gavrielle.Penelopa@gmail.com,developer,9884,Helsinki
862,Claudina,Cloris,Claudina.Cloris@yopmail.com,Claudina.Cloris@gmail.com,police officer,2530,Forked River
863,Aurelie,Vernier,Aurelie.Vernier@yopmail.com,Aurelie.Vernier@gmail.com,developer,1775,Siem Reap
864,Kristina,Faso,Kristina.Faso@yopmail.com,Kristina.Faso@gmail.com,worker,5422,Malé
865,Jaime,Stephie,Jaime.Stephie@yopmail.com,Jaime.Stephie@gmail.com,police officer,6913,Calgary
866,Gaylene,Linskey,Gaylene.Linskey@yopmail.com,Gaylene.Linskey@gmail.com,doctor,6341,Huế
867,Sue,Nerita,Sue.Nerita@yopmail.com,Sue.Nerita@gmail.com,doctor,3345,Hai Phong
868,Nita,Mauer,Nita.Mauer@yopmail.com,Nita.Mauer@gmail.com,doctor,3854,Ambon
869,Violet,Parette,Violet.Parette@yopmail.com,Violet.Parette@gmail.com,doctor,5127,Harare
870,Arabel,Lilas,Arabel.Lilas@yopmail.com,Arabel.Lilas@gmail.com,worker,6452,Tokyo
871,Emelina,Cherianne,Emelina.Cherianne@yopmail.com,Emelina.Cherianne@gmail.com,firefighter,5987,Sarajevo
872,Lyssa,Franza,Lyssa.Franza@yopmail.com,Lyssa.Franza@gmail.com,doctor,7432,Cockburn Town
873,Olivette,Payson,Olivette.Payson@yopmail.com,Olivette.Payson@gmail.com,doctor,9103,Gangtok
874,Doro,Drus,Doro.Drus@yopmail.com,Doro.Drus@gmail.com,police officer,9242,Rome
875,Kylynn,Koziara,Kylynn.Koziara@yopmail.com,Kylynn.Koziara@gmail.com,firefighter,7796,Multan
876,Quintina,Maxi,Quintina.Maxi@yopmail.com,Quintina.Maxi@gmail.com,firefighter,7239,Jacksonville
877,Dione,Kendrick,Dione.Kendrick@yopmail.com,Dione.Kendrick@gmail.com,firefighter,5261,Palembang
878,Ninnetta,Roxanna,Ninnetta.Roxanna@yopmail.com,Ninnetta.Roxanna@gmail.com,developer,7189,Luxor
879,Heddie,Korey,Heddie.Korey@yopmail.com,Heddie.Korey@gmail.com,police officer,6078,Rabat
880,Magdalena,Lanita,Magdalena.Lanita@yopmail.com,Magdalena.Lanita@gmail.com,worker,5688,Malang
881,Averyl,Trey,Averyl.Trey@yopmail.com,Averyl.Trey@gmail.com,doctor,7685,Tehran
882,Kerrin,Cullin,Kerrin.Cullin@yopmail.com,Kerrin.Cullin@gmail.com,worker,1977,Barcelona
883,Berget,Margarete,Berget.Margarete@yopmail.com,Berget.Margarete@gmail.com,police officer,3910,Las Palmas de Gran Canaria
884,Arlena,Colp,Arlena.Colp@yopmail.com,Arlena.Colp@gmail.com,firefighter,1752,Bishkek
885,Selma,Kravits,Selma.Kravits@yopmail.com,Selma.Kravits@gmail.com,doctor,3936,Salt Lake City
886,Louella,Roxanna,Louella.Roxanna@yopmail.com,Louella.Roxanna@gmail.com,firefighter,9253,Austin
887,Doro,Edee,Doro.Edee@yopmail.com,Doro.Edee@gmail.com,doctor,8342,Kaliningrad
888,Riannon,Wiener,Riannon.Wiener@yopmail.com,Riannon.Wiener@gmail.com,worker,6745,Lilongwe
889,Alyda,Stav,Alyda.Stav@yopmail.com,Alyda.Stav@gmail.com,worker,1662,Dededo
890,Dulcinea,Toor,Dulcinea.Toor@yopmail.com,Dulcinea.Toor@gmail.com,developer,7503,Prague
891,Kirbee,Joeann,Kirbee.Joeann@yopmail.com,Kirbee.Joeann@gmail.com,worker,464,Pittsburgh
892,Giustina,Bury,Giustina.Bury@yopmail.com,Giustina.Bury@gmail.com,worker,2357,Doha
893,Sharlene,Torray,Sharlene.Torray@yopmail.com,Sharlene.Torray@gmail.com,worker,4441,Riga
894,Danny,Orlene,Danny.Orlene@yopmail.com,Danny.Orlene@gmail.com,police officer,9768,Perth
895,Ermengarde,Urias,Ermengarde.Urias@yopmail.com,Ermengarde.Urias@gmail.com,doctor,5969,Suva
896,Leona,Duwalt,Leona.Duwalt@yopmail.com,Leona.Duwalt@gmail.com,police officer,5042,Invercargill
897,Violet,Khorma,Violet.Khorma@yopmail.com,Violet.Khorma@gmail.com,police officer,86,Cork (city)
898,Gaylene,Soneson,Gaylene.Soneson@yopmail.com,Gaylene.Soneson@gmail.com,firefighter,8791,Enugu
899,Sadie,Diogenes,Sadie.Diogenes@yopmail.com,Sadie.Diogenes@gmail.com,firefighter,8573,Mwanza
900,Jobi,Ahab,Jobi.Ahab@yopmail.com,Jobi.Ahab@gmail.com,developer,4783,Luxembourg (city)
901,Georgetta,Linehan,Georgetta.Linehan@yopmail.com,Georgetta.Linehan@gmail.com,firefighter,2402,Pekanbaru
902,Bibby,Suk,Bibby.Suk@yopmail.com,Bibby.Suk@gmail.com,worker,9778,Changchun
903,Vanessa,Regan,Vanessa.Regan@yopmail.com,Vanessa.Regan@gmail.com,police officer,2609,Mandurah
904,Hyacinthe,Odell,Hyacinthe.Odell@yopmail.com,Hyacinthe.Odell@gmail.com,police officer,9798,Pyongyang
905,Priscilla,Flita,Priscilla.Flita@yopmail.com,Priscilla.Flita@gmail.com,developer,2089,Cape Town
906,Lolita,Nance,Lolita.Nance@yopmail.com,Lolita.Nance@gmail.com,doctor,5085,Khartoum
907,Mahalia,Bouchard,Mahalia.Bouchard@yopmail.com,Mahalia.Bouchard@gmail.com,police officer,4875,Nuuk
908,Joy,Pelagias,Joy.Pelagias@yopmail.com,Joy.Pelagias@gmail.com,worker,4397,Wonsan
909,Moyna,Reidar,Moyna.Reidar@yopmail.com,Moyna.Reidar@gmail.com,firefighter,9185,Nukus
910,Dorthy,Billye,Dorthy.Billye@yopmail.com,Dorthy.Billye@gmail.com,doctor,7129,Riga
911,Kellen,Blisse,Kellen.Blisse@yopmail.com,Kellen.Blisse@gmail.com,police officer,4665,Kandy
912,Kaia,Zetta,Kaia.Zetta@yopmail.com,Kaia.Zetta@gmail.com,doctor,8670,Minneapolis
913,Aubrie,Burnside,Aubrie.Burnside@yopmail.com,Aubrie.Burnside@gmail.com,firefighter,9428,Malacca Town
914,Ingrid,Barrus,Ingrid.Barrus@yopmail.com,Ingrid.Barrus@gmail.com,firefighter,1681,Dar es Salaam
915,Ottilie,Sperling,Ottilie.Sperling@yopmail.com,Ottilie.Sperling@gmail.com,developer,4259,Port Blair
916,Thalia,Vittoria,Thalia.Vittoria@yopmail.com,Thalia.Vittoria@gmail.com,firefighter,5553,Pune
917,Thalia,Anderea,Thalia.Anderea@yopmail.com,Thalia.Anderea@gmail.com,firefighter,7239,Charlotte
918,Maurene,Mitzi,Maurene.Mitzi@yopmail.com,Maurene.Mitzi@gmail.com,firefighter,818,Bangui
919,Claresta,Howlyn,Claresta.Howlyn@yopmail.com,Claresta.Howlyn@gmail.com,developer,4586,Denver
920,Tilly,Ahab,Tilly.Ahab@yopmail.com,Tilly.Ahab@gmail.com,doctor,8137,Tampa
921,Zondra,Delp,Zondra.Delp@yopmail.com,Zondra.Delp@gmail.com,doctor,9669,Kuwait City
922,Theodora,Revkah,Theodora.Revkah@yopmail.com,Theodora.Revkah@gmail.com,worker,3481,Sucre
923,Celisse,Brackely,Celisse.Brackely@yopmail.com,Celisse.Brackely@gmail.com,firefighter,4773,Dakar
924,Raquela,Lipson,Raquela.Lipson@yopmail.com,Raquela.Lipson@gmail.com,worker,6434,Cartagena
925,Marguerite,Hertzfeld,Marguerite.Hertzfeld@yopmail.com,Marguerite.Hertzfeld@gmail.com,developer,61,St. Louis
926,Noelle,Sekofski,Noelle.Sekofski@yopmail.com,Noelle.Sekofski@gmail.com,police officer,5274,Minsk
927,Dacia,Suzetta,Dacia.Suzetta@yopmail.com,Dacia.Suzetta@gmail.com,police officer,6120,Tórshavn
928,Hannis,Carbo,Hannis.Carbo@yopmail.com,Hannis.Carbo@gmail.com,firefighter,6779,Cairns
929,Jennica,Phaidra,Jennica.Phaidra@yopmail.com,Jennica.Phaidra@gmail.com,police officer,7351,Saint John
930,Bernardine,Thilda,Bernardine.Thilda@yopmail.com,Bernardine.Thilda@gmail.com,doctor,1229,Lanzhou
931,Winny,Ursulette,Winny.Ursulette@yopmail.com,Winny.Ursulette@gmail.com,firefighter,8584,Providence
932,Sara-Ann,Laurianne,Sara-Ann.Laurianne@yopmail.com,Sara-Ann.Laurianne@gmail.com,firefighter,3975,Srinagar
933,Kary,Serilda,Kary.Serilda@yopmail.com,Kary.Serilda@gmail.com,worker,3401,Luanda
934,Olivette,Edison,Olivette.Edison@yopmail.com,Olivette.Edison@gmail.com,firefighter,417,Damascus
935,Corina,Taima,Corina.Taima@yopmail.com,Corina.Taima@gmail.com,police officer,555,Manaus
936,Elora,Payson,Elora.Payson@yopmail.com,Elora.Payson@gmail.com,doctor,3355,Wonsan
937,Dale,Daniele,Dale.Daniele@yopmail.com,Dale.Daniele@gmail.com,doctor,9931,Tskhinvali
938,Dolli,Rurik,Dolli.Rurik@yopmail.com,Dolli.Rurik@gmail.com,police officer,263,Ahmedabad
939,Ulrike,Diogenes,Ulrike.Diogenes@yopmail.com,Ulrike.Diogenes@gmail.com,developer,4418,Busan
940,Katleen,Glenden,Katleen.Glenden@yopmail.com,Katleen.Glenden@gmail.com,worker,9250,Shigatse
941,Peri,Killigrew,Peri.Killigrew@yopmail.com,Peri.Killigrew@gmail.com,firefighter,2357,Addis Ababa
942,Katuscha,Azeria,Katuscha.Azeria@yopmail.com,Katuscha.Azeria@gmail.com,doctor,9369,Hanover
943,Brana,Medrek,Brana.Medrek@yopmail.com,Brana.Medrek@gmail.com,firefighter,2135,Nairobi
944,Celene,Brotherson,Celene.Brotherson@yopmail.com,Celene.Brotherson@gmail.com,firefighter,7977,Lucknow
945,Anthia,Ashok,Anthia.Ashok@yopmail.com,Anthia.Ashok@gmail.com,worker,6564,Espoo
946,Donetta,Garek,Donetta.Garek@yopmail.com,Donetta.Garek@gmail.com,developer,5823,Guatemala City
947,Josephine,Leler,Josephine.Leler@yopmail.com,Josephine.Leler@gmail.com,police officer,3951,Charlotte
948,Aurore,Mathilde,Aurore.Mathilde@yopmail.com,Aurore.Mathilde@gmail.com,police officer,6042,Koulikoro
949,Carol-Jean,Loleta,Carol-Jean.Loleta@yopmail.com,Carol-Jean.Loleta@gmail.com,police officer,4584,Pristina
950,Elmira,Toffic,Elmira.Toffic@yopmail.com,Elmira.Toffic@gmail.com,worker,6088,Bangkok
951,Morganica,Oriana,Morganica.Oriana@yopmail.com,Morganica.Oriana@gmail.com,doctor,2648,Dallas
952,Blinni,Uund,Blinni.Uund@yopmail.com,Blinni.Uund@gmail.com,firefighter,5805,Charlotte Amalie
953,Averyl,Olnee,Averyl.Olnee@yopmail.com,Averyl.Olnee@gmail.com,developer,7657,Forked River
954,Ulrike,Wesle,Ulrike.Wesle@yopmail.com,Ulrike.Wesle@gmail.com,worker,9229,Surat Thani
955,Lynnea,Bow,Lynnea.Bow@yopmail.com,Lynnea.Bow@gmail.com,worker,1446,Port Said
956,Luci,Fadiman,Luci.Fadiman@yopmail.com,Luci.Fadiman@gmail.com,doctor,9248,Melbourne
957,Bee,Belanger,Bee.Belanger@yopmail.com,Bee.Belanger@gmail.com,doctor,8512,Lyon
958,Carly,Kirbee,Carly.Kirbee@yopmail.com,Carly.Kirbee@gmail.com,police officer,5118,Recife
959,Violet,Forrer,Violet.Forrer@yopmail.com,Violet.Forrer@gmail.com,doctor,6949,Road Town
960,Wilma,Cloris,Wilma.Cloris@yopmail.com,Wilma.Cloris@gmail.com,worker,3974,Vancouver
961,Feliza,Soneson,Feliza.Soneson@yopmail.com,Feliza.Soneson@gmail.com,developer,708,Bloemfontein
962,Steffane,Flita,Steffane.Flita@yopmail.com,Steffane.Flita@gmail.com,developer,5528,Kandahar
963,Leona,Felizio,Leona.Felizio@yopmail.com,Leona.Felizio@gmail.com,developer,3830,Ponta Delgada
964,Ofilia,Tayib,Ofilia.Tayib@yopmail.com,Ofilia.Tayib@gmail.com,worker,7455,Nouméa
965,Maye,Presber,Maye.Presber@yopmail.com,Maye.Presber@gmail.com,firefighter,4123,Barranquilla
966,Concettina,Maribeth,Concettina.Maribeth@yopmail.com,Concettina.Maribeth@gmail.com,worker,4467,Amsterdam
967,Clo,Nisbet,Clo.Nisbet@yopmail.com,Clo.Nisbet@gmail.com,firefighter,8611,Santa Cruz de Tenerife
968,Grier,Etom,Grier.Etom@yopmail.com,Grier.Etom@gmail.com,firefighter,5400,Roseau
969,Halette,Tippets,Halette.Tippets@yopmail.com,Halette.Tippets@gmail.com,doctor,1518,Puerto Williams
970,Fawne,Delacourt,Fawne.Delacourt@yopmail.com,Fawne.Delacourt@gmail.com,firefighter,4170,Oklahoma City
971,Lory,Baudin,Lory.Baudin@yopmail.com,Lory.Baudin@gmail.com,worker,9536,Forked River
972,Robinia,Henrie,Robinia.Henrie@yopmail.com,Robinia.Henrie@gmail.com,firefighter,8767,Banda Aceh
973,Angelique,Campball,Angelique.Campball@yopmail.com,Angelique.Campball@gmail.com,worker,8293,Almaty
974,Mildrid,Ardra,Mildrid.Ardra@yopmail.com,Mildrid.Ardra@gmail.com,firefighter,5820,Beijing
975,Dotty,Markman,Dotty.Markman@yopmail.com,Dotty.Markman@gmail.com,police officer,7668,Rochester
976,Fawne,Sothena,Fawne.Sothena@yopmail.com,Fawne.Sothena@gmail.com,doctor,857,Aberdeen
977,Andeee,Himelman,Andeee.Himelman@yopmail.com,Andeee.Himelman@gmail.com,doctor,9922,Padang
978,Josephine,Pauly,Josephine.Pauly@yopmail.com,Josephine.Pauly@gmail.com,doctor,2132,Taiyuan
979,Theodora,Georas,Theodora.Georas@yopmail.com,Theodora.Georas@gmail.com,police officer,4253,Asmara
980,Georgetta,Roche,Georgetta.Roche@yopmail.com,Georgetta.Roche@gmail.com,firefighter,4280,Tabriz
981,Kayla,Flyn,Kayla.Flyn@yopmail.com,Kayla.Flyn@gmail.com,worker,9010,São José dos Campos
982,Cyndie,Faust,Cyndie.Faust@yopmail.com,Cyndie.Faust@gmail.com,worker,1335,Kaohsiung
983,Luci,Emmaline,Luci.Emmaline@yopmail.com,Luci.Emmaline@gmail.com,police officer,2468,Taipei
984,Keelia,Kinnard,Keelia.Kinnard@yopmail.com,Keelia.Kinnard@gmail.com,firefighter,877,Puebla
985,Clo,Nester,Clo.Nester@yopmail.com,Clo.Nester@gmail.com,doctor,7556,Malacca Town
986,Coral,Radu,Coral.Radu@yopmail.com,Coral.Radu@gmail.com,police officer,2521,Lobamba
987,Fayre,Rodmann,Fayre.Rodmann@yopmail.com,Fayre.Rodmann@gmail.com,firefighter,8942,Zhengzhou
988,Sidoney,Joseph,Sidoney.Joseph@yopmail.com,Sidoney.Joseph@gmail.com,worker,7123,Belém
989,June,Arquit,June.Arquit@yopmail.com,June.Arquit@gmail.com,firefighter,5235,Belgrade
990,Sam,Ammann,Sam.Ammann@yopmail.com,Sam.Ammann@gmail.com,police officer,6154,Maputo
991,Jan,Iiette,Jan.Iiette@yopmail.com,Jan.Iiette@gmail.com,developer,9046,Niamey
992,Florencia,Sibyls,Florencia.Sibyls@yopmail.com,Florencia.Sibyls@gmail.com,doctor,1736,Antwerp
993,Rozele,Euridice,Rozele.Euridice@yopmail.com,Rozele.Euridice@gmail.com,firefighter,9385,Punta Arenas
994,Adriana,Tacye,Adriana.Tacye@yopmail.com,Adriana.Tacye@gmail.com,firefighter,6787,Shenzhen
995,Phylis,Moseley,Phylis.Moseley@yopmail.com,Phylis.Moseley@gmail.com,firefighter,3147,Bern
996,Letizia,Brenn,Letizia.Brenn@yopmail.com,Letizia.Brenn@gmail.com,doctor,8835,Jerusalem
997,Iseabal,Nikaniki,Iseabal.Nikaniki@yopmail.com,Iseabal.Nikaniki@gmail.com,doctor,1290,Anadyr (town)
998,Amalie,Ezar,Amalie.Ezar@yopmail.com,Amalie.Ezar@gmail.com,doctor,6577,Cockburn Town
999,Fawne,Septima,Fawne.Septima@yopmail.com,Fawne.Septima@gmail.com,firefighter,4449,Gaborone
1000,Corly,Blisse,Corly.Blisse@yopmail.com,Corly.Blisse@gmail.com,developer,1579,Livingstone
1001,Christian,Philoo,Christian.Philoo@yopmail.com,Christian.Philoo@gmail.com,developer,1539,Tunis
1002,Tatiania,Eckblad,Tatiania.Eckblad@yopmail.com,Tatiania.Eckblad@gmail.com,doctor,1652,Vatican City
1003,Kalina,Niles,Kalina.Niles@yopmail.com,Kalina.Niles@gmail.com,doctor,2969,Maracaibo
1004,Chickie,Lynn,Chickie.Lynn@yopmail.com,Chickie.Lynn@gmail.com,doctor,562,Multan
1005,Laurene,Schroth,Laurene.Schroth@yopmail.com,Laurene.Schroth@gmail.com,firefighter,9558,Jerusalem
1006,Jorry,Taam,Jorry.Taam@yopmail.com,Jorry.Taam@gmail.com,doctor,3194,Sitka
1007,Rhoda,Cadmar,Rhoda.Cadmar@yopmail.com,Rhoda.Cadmar@gmail.com,developer,6706,Dededo
1008,Laure,Delp,Laure.Delp@yopmail.com,Laure.Delp@gmail.com,police officer,1193,Samara
1009,Rozele,Ethban,Rozele.Ethban@yopmail.com,Rozele.Ethban@gmail.com,worker,2593,New Orleans
1010,Bill,Linskey,Bill.Linskey@yopmail.com,Bill.Linskey@gmail.com,police officer,9436,Aberdeen
1011,Myrtice,Berne,Myrtice.Berne@yopmail.com,Myrtice.Berne@gmail.com,police officer,8168,Chennai
1012,Sybille,Henebry,Sybille.Henebry@yopmail.com,Sybille.Henebry@gmail.com,developer,5684,The Valley
1013,Adore,Mintz,Adore.Mintz@yopmail.com,Adore.Mintz@gmail.com,firefighter,4305,Jeddah
1014,Renie,Mullane,Renie.Mullane@yopmail.com,Renie.Mullane@gmail.com,firefighter,4767,San Salvador
1015,Wendi,Donell,Wendi.Donell@yopmail.com,Wendi.Donell@gmail.com,worker,7395,Campo Grande
1016,Helsa,Pulsifer,Helsa.Pulsifer@yopmail.com,Helsa.Pulsifer@gmail.com,police officer,8538,Nukulaelae
1017,Alexine,Cornelia,Alexine.Cornelia@yopmail.com,Alexine.Cornelia@gmail.com,doctor,8202,La Paz
1018,Kamilah,Remmer,Kamilah.Remmer@yopmail.com,Kamilah.Remmer@gmail.com,firefighter,8960,Ljubljana
1019,Miquela,Baudin,Miquela.Baudin@yopmail.com,Miquela.Baudin@gmail.com,doctor,7204,Split (city)
1020,Heddie,Kiyoshi,Heddie.Kiyoshi@yopmail.com,Heddie.Kiyoshi@gmail.com,firefighter,9721,Austin
1021,Viviene,Durware,Viviene.Durware@yopmail.com,Viviene.Durware@gmail.com,worker,1982,Portland
1022,Ernesta,Ellord,Ernesta.Ellord@yopmail.com,Ernesta.Ellord@gmail.com,firefighter,1708,Conakry
1023,Evaleen,Donoghue,Evaleen.Donoghue@yopmail.com,Evaleen.Donoghue@gmail.com,worker,3937,Bamako
1024,Demetris,Rurik,Demetris.Rurik@yopmail.com,Demetris.Rurik@gmail.com,doctor,7140,Montreal
1025,Tiffie,Ephrem,Tiffie.Ephrem@yopmail.com,Tiffie.Ephrem@gmail.com,worker,2724,Raleigh
1026,Phedra,Dituri,Phedra.Dituri@yopmail.com,Phedra.Dituri@gmail.com,doctor,5655,Phuket (city)
1027,Juliane,Cimbura,Juliane.Cimbura@yopmail.com,Juliane.Cimbura@gmail.com,developer,6008,Pekanbaru
1028,Jacenta,Uird,Jacenta.Uird@yopmail.com,Jacenta.Uird@gmail.com,firefighter,1073,Xining
1029,Molli,Pyle,Molli.Pyle@yopmail.com,Molli.Pyle@gmail.com,doctor,8431,Port Louis
1030,Mary,Natica,Mary.Natica@yopmail.com,Mary.Natica@gmail.com,police officer,2786,Saint-Pierre
1031,Sara-Ann,Zrike,Sara-Ann.Zrike@yopmail.com,Sara-Ann.Zrike@gmail.com,doctor,7505,Nagoya
1032,Carmencita,Beebe,Carmencita.Beebe@yopmail.com,Carmencita.Beebe@gmail.com,doctor,2428,Santa Cruz de Tenerife
1033,Cassandra,Trinetta,Cassandra.Trinetta@yopmail.com,Cassandra.Trinetta@gmail.com,firefighter,1526,Denpasar
1034,Hermione,Knowling,Hermione.Knowling@yopmail.com,Hermione.Knowling@gmail.com,worker,5459,Zhengzhou
1035,Alie,Ummersen,Alie.Ummersen@yopmail.com,Alie.Ummersen@gmail.com,worker,1317,Virginia Beach
1036,Orelia,Raseda,Orelia.Raseda@yopmail.com,Orelia.Raseda@gmail.com,firefighter,7519,Cairo
1037,Kathy,Westphal,Kathy.Westphal@yopmail.com,Kathy.Westphal@gmail.com,developer,8450,Lobamba
1038,Lynde,Land,Lynde.Land@yopmail.com,Lynde.Land@gmail.com,firefighter,1173,Kuching
1039,Frances,Liva,Frances.Liva@yopmail.com,Frances.Liva@gmail.com,police officer,7689,Sapporo
1040,Tonia,Ietta,Tonia.Ietta@yopmail.com,Tonia.Ietta@gmail.com,police officer,5643,Namangan
1041,Deane,Buckler,Deane.Buckler@yopmail.com,Deane.Buckler@gmail.com,worker,2269,Medan
1042,Mary,Margret,Mary.Margret@yopmail.com,Mary.Margret@gmail.com,police officer,4151,Longyearbyen
1043,Ronna,Ummersen,Ronna.Ummersen@yopmail.com,Ronna.Ummersen@gmail.com,developer,1975,Mashhad
1044,Farrah,Nea,Farrah.Nea@yopmail.com,Farrah.Nea@gmail.com,worker,4282,Durban
1045,Gusty,Madox,Gusty.Madox@yopmail.com,Gusty.Madox@gmail.com,developer,7037,Port Blair
1046,Dennie,Chrystel,Dennie.Chrystel@yopmail.com,Dennie.Chrystel@gmail.com,firefighter,9426,Dunedin
1047,Raquela,Tristram,Raquela.Tristram@yopmail.com,Raquela.Tristram@gmail.com,worker,2783,Cotonou
1048,Jasmina,Tamar,Jasmina.Tamar@yopmail.com,Jasmina.Tamar@gmail.com,developer,7363,Lahore
1049,Rosabelle,Sperling,Rosabelle.Sperling@yopmail.com,Rosabelle.Sperling@gmail.com,police officer,2907,Malabo
1050,Ernesta,Capello,Ernesta.Capello@yopmail.com,Ernesta.Capello@gmail.com,worker,3473,Zapopan
1051,Konstance,Oriana,Konstance.Oriana@yopmail.com,Konstance.Oriana@gmail.com,firefighter,1093,Nukulaelae
1052,Vonny,Hanleigh,Vonny.Hanleigh@yopmail.com,Vonny.Hanleigh@gmail.com,firefighter,1162,Budapest
1053,Berta,Sigfrid,Berta.Sigfrid@yopmail.com,Berta.Sigfrid@gmail.com,police officer,6374,Paramaribo
1054,Cyndie,Izaak,Cyndie.Izaak@yopmail.com,Cyndie.Izaak@gmail.com,developer,9794,Roseau
1055,Edith,Lareena,Edith.Lareena@yopmail.com,Edith.Lareena@gmail.com,firefighter,9932,Harare
1056,Wanda,Randene,Wanda.Randene@yopmail.com,Wanda.Randene@gmail.com,developer,8329,Karachi
1057,Cindelyn,Malina,Cindelyn.Malina@yopmail.com,Cindelyn.Malina@gmail.com,worker,6011,Concepción
1058,Debee,Vharat,Debee.Vharat@yopmail.com,Debee.Vharat@gmail.com,developer,9960,Belfast
1059,Diena,Ajay,Diena.Ajay@yopmail.com,Diena.Ajay@gmail.com,worker,2996,Copenhagen
1060,Felice,Felizio,Felice.Felizio@yopmail.com,Felice.Felizio@gmail.com,doctor,4619,Bern
1061,Mary,Hewitt,Mary.Hewitt@yopmail.com,Mary.Hewitt@gmail.com,developer,3663,Cardiff
1062,Flo,Simmonds,Flo.Simmonds@yopmail.com,Flo.Simmonds@gmail.com,firefighter,2756,Adelaide
1063,Coral,Berard,Coral.Berard@yopmail.com,Coral.Berard@gmail.com,doctor,8665,Lisbon
1064,Briney,Fulmer,Briney.Fulmer@yopmail.com,Briney.Fulmer@gmail.com,police officer,2583,Cusco
1065,Minne,Infield,Minne.Infield@yopmail.com,Minne.Infield@gmail.com,firefighter,3948,El Aaiún
1066,Dominga,Gregrory,Dominga.Gregrory@yopmail.com,Dominga.Gregrory@gmail.com,police officer,9814,Adana
1067,Brianna,Killigrew,Brianna.Killigrew@yopmail.com,Brianna.Killigrew@gmail.com,doctor,3206,Odessa
1068,Leia,Loleta,Leia.Loleta@yopmail.com,Leia.Loleta@gmail.com,developer,6110,Antananarivo
1069,Penelopa,Schalles,Penelopa.Schalles@yopmail.com,Penelopa.Schalles@gmail.com,police officer,5530,Bamako
1070,Malina,Lowry,Malina.Lowry@yopmail.com,Malina.Lowry@gmail.com,firefighter,1393,Bilbao
1071,Vevay,Edvard,Vevay.Edvard@yopmail.com,Vevay.Edvard@gmail.com,developer,5350,Dublin
1072,Marcelline,Sandye,Marcelline.Sandye@yopmail.com,Marcelline.Sandye@gmail.com,firefighter,4549,Milwaukee
1073,Wileen,Ortrude,Wileen.Ortrude@yopmail.com,Wileen.Ortrude@gmail.com,police officer,1008,Malang
1074,Yetty,Goldina,Yetty.Goldina@yopmail.com,Yetty.Goldina@gmail.com,developer,207,Novosibirsk
1075,Jacenta,Penelopa,Jacenta.Penelopa@yopmail.com,Jacenta.Penelopa@gmail.com,firefighter,3139,Vancouver
1076,Ashlee,Hamil,Ashlee.Hamil@yopmail.com,Ashlee.Hamil@gmail.com,developer,3611,Madrid
1077,Ida,Dituri,Ida.Dituri@yopmail.com,Ida.Dituri@gmail.com,police officer,9728,Makassar
1078,Stevana,Taima,Stevana.Taima@yopmail.com,Stevana.Taima@gmail.com,police officer,1436,Durban
1079,Nerta,Chrystel,Nerta.Chrystel@yopmail.com,Nerta.Chrystel@gmail.com,firefighter,3029,Valdivia
1080,Dorice,Candy,Dorice.Candy@yopmail.com,Dorice.Candy@gmail.com,police officer,5866,Majuro
1081,Lilith,Kiersten,Lilith.Kiersten@yopmail.com,Lilith.Kiersten@gmail.com,doctor,8420,Punta Arenas
1082,Edith,Edison,Edith.Edison@yopmail.com,Edith.Edison@gmail.com,doctor,5838,Campinas
1083,Luci,Esmaria,Luci.Esmaria@yopmail.com,Luci.Esmaria@gmail.com,police officer,3298,Hilo
1084,Gretal,Ricki,Gretal.Ricki@yopmail.com,Gretal.Ricki@gmail.com,police officer,1362,Timbuktu
1085,Andree,Angelis,Andree.Angelis@yopmail.com,Andree.Angelis@gmail.com,developer,8500,Edmonton
1086,Lila,Dunkin,Lila.Dunkin@yopmail.com,Lila.Dunkin@gmail.com,doctor,8253,Mamoudzou
1087,Imojean,Bearnard,Imojean.Bearnard@yopmail.com,Imojean.Bearnard@gmail.com,worker,7831,Gothenburg
1088,Gusella,Laurianne,Gusella.Laurianne@yopmail.com,Gusella.Laurianne@gmail.com,developer,7046,Adak
1089,Ayn,Regan,Ayn.Regan@yopmail.com,Ayn.Regan@gmail.com,worker,2783,Belgrade
1090,Leia,Konyn,Leia.Konyn@yopmail.com,Leia.Konyn@gmail.com,worker,6810,Sabha
1091,Barbara,Gualtiero,Barbara.Gualtiero@yopmail.com,Barbara.Gualtiero@gmail.com,police officer,237,Belgrade
1092,Barbi,Naor,Barbi.Naor@yopmail.com,Barbi.Naor@gmail.com,worker,6564,Tabriz
1093,Orelia,Chaing,Orelia.Chaing@yopmail.com,Orelia.Chaing@gmail.com,doctor,7820,Wichita
1094,Letizia,Oriana,Letizia.Oriana@yopmail.com,Letizia.Oriana@gmail.com,doctor,3486,Melekeok
1095,Melina,Viddah,Melina.Viddah@yopmail.com,Melina.Viddah@gmail.com,police officer,4923,Monrovia
1096,Tilly,Myrilla,Tilly.Myrilla@yopmail.com,Tilly.Myrilla@gmail.com,police officer,567,Conakry
1097,Jackie,Zina,Jackie.Zina@yopmail.com,Jackie.Zina@gmail.com,worker,9885,Fairbanks
1098,Glenda,Yuille,Glenda.Yuille@yopmail.com,Glenda.Yuille@gmail.com,police officer,6642,Denver
1099,Robbi,Blake,Robbi.Blake@yopmail.com,Robbi.Blake@gmail.com,developer,2622,Campinas